,compound,neg,neu,pos,text,date,User,tweets ago
0,0.0,0.0,1.0,0.0,What to expect at the White House Correspondents' dinner https://t.co/7cpfigUXYM https://t.co/rAzCEqJOu7,Sat Apr 28 20:30:05 +0000 2018,@CNN,1
1,0.5859,0.0,0.625,0.375,Veterans' grass-roots movement shares health benefits of marijuana https://t.co/ASR2JEfHXL https://t.co/g2obaa6tAS,Sat Apr 28 20:15:05 +0000 2018,@CNN,2
2,0.5267,0.0,0.726,0.274,"North Korean state media praises ""historic"" Kim-Moon summit https://t.co/yoEiSPqb7J https://t.co/vAkN23ucHn",Sat Apr 28 20:00:10 +0000 2018,@CNN,3
3,0.7506,0.0,0.714,0.286,South Koreans dare to hope of once unthinkable peace with North Korean leader Kim Jong Un https://t.co/IQZjkgkyFd https://t.co/Yf0AtCoWZw,Sat Apr 28 19:45:06 +0000 2018,@CNN,4
4,0.0,0.0,1.0,0.0,"Texas voter ID law can go into effect, appeals court panel rules https://t.co/KUMDKOEA0I https://t.co/HO460OF9o4",Sat Apr 28 19:30:14 +0000 2018,@CNN,5
5,0.0,0.192,0.548,0.26,This bill could weaken the protection of a credit freeze https://t.co/mmVkY9BttT https://t.co/KDVxAnSYQO,Sat Apr 28 19:15:09 +0000 2018,@CNN,6
6,0.7184,0.0,0.647,0.353,"China and India agree to maintain border peace, as summit ends https://t.co/mbe9FCpyAc https://t.co/13e9MUtA2v",Sat Apr 28 19:00:06 +0000 2018,@CNN,7
7,0.4215,0.127,0.633,0.241,Australian Olympian Peter Norman honored over 1968 black power protest https://t.co/Am7VJfOwCS https://t.co/rj0fzhzawB,Sat Apr 28 18:45:07 +0000 2018,@CNN,8
8,0.0,0.0,1.0,0.0,Who is Meghan Markle's future husband? https://t.co/xrBmz2CcXG https://t.co/Eg76r4rwnl,Sat Apr 28 18:30:06 +0000 2018,@CNN,9
9,0.1779,0.0,0.855,0.145,Everything Amazon has added to Prime over the years https://t.co/9hB9XzHbLG https://t.co/yDYCJrI2z8,Sat Apr 28 18:15:04 +0000 2018,@CNN,10
10,0.8834,0.0,0.57,0.43,New Orleans residents share their pride and passion for their home as the city celebrates its 300th anniversary‚Ä¶ https://t.co/UfCy8h12Di,Sat Apr 28 18:15:00 +0000 2018,@CNN,11
11,-0.4767,0.162,0.838,0.0,"White House shows documents to defend Dr. Ronny Jackson on car accident, some questions over pills‚Ä¶ https://t.co/5c3ChCSNym",Sat Apr 28 18:00:09 +0000 2018,@CNN,12
12,-0.34,0.112,0.888,0.0,President Trump calls for Democratic Sen. Jon Tester to resign over his opposition to White House physician Ronny J‚Ä¶ https://t.co/ZJhmRN8aAc,Sat Apr 28 17:45:05 +0000 2018,@CNN,13
13,0.0,0.0,1.0,0.0,The Gaia satellite gave us a new star map that is out of this world https://t.co/AF3vhrj9jy (via @CNNOpinion) https://t.co/7t7pSfFiFe,Sat Apr 28 17:30:13 +0000 2018,@CNN,14
14,0.5106,0.0,0.784,0.216,Liberian ex-President Ellen Johnson Sirleaf dedicates $5M prize to women's empowerment https://t.co/Z1FxeTtMCz https://t.co/C7PSeLQaXL,Sat Apr 28 17:15:06 +0000 2018,@CNN,15
15,-0.6369,0.292,0.593,0.114,"Judge in case Jeff Sessions picked for immigrant domestic violence asylum review issued ""clearly erroneous"" decisio‚Ä¶ https://t.co/iCPBhArGFZ",Sat Apr 28 17:00:07 +0000 2018,@CNN,16
16,0.4019,0.0,0.803,0.197,British toddler Alfie Evans dies after life support is withdrawn https://t.co/kWyjArvwSW https://t.co/aivTfu5iCV,Sat Apr 28 16:45:02 +0000 2018,@CNN,17
17,-0.6705,0.36,0.64,0.0,Military officials killed in Somalia restaurant blast https://t.co/eX3me7Hdx4 https://t.co/R8s04UZkvK,Sat Apr 28 16:30:09 +0000 2018,@CNN,18
18,-0.296,0.196,0.804,0.0,Here's what you missed during a busy news week https://t.co/rsVrBe1WFd https://t.co/AaO16FxKqY,Sat Apr 28 16:15:06 +0000 2018,@CNN,19
19,0.4404,0.0,0.769,0.231,Defense Secretary James Mattis woos National Security Advisor John Bolton with breakfast club invite‚Ä¶ https://t.co/1LDQiN4soe,Sat Apr 28 16:00:11 +0000 2018,@CNN,20
20,-0.8957,0.607,0.393,0.0,Soldiers among 6 killed in Afghanistan car bomb attack https://t.co/GMsLhU1UE9 https://t.co/tEGfMBMEvl,Sat Apr 28 15:45:11 +0000 2018,@CNN,21
21,0.0,0.0,1.0,0.0,President Trump and South Korean President Moon talk ahead of North Korea meeting https://t.co/t6LGP10E07 https://t.co/HjO4dSX67p,Sat Apr 28 15:34:24 +0000 2018,@CNN,22
22,0.5574,0.0,0.841,0.159,"Kanye West just released a new song defending his praise for Trump. The track features West debating with Tip ""T.I.‚Ä¶ https://t.co/asge9HLqNw",Sat Apr 28 15:00:06 +0000 2018,@CNN,23
23,0.0,0.0,1.0,0.0,3000 miles. Sickness. Trains of trash. A 27-year-old pregnant mother of two recounts fleeing from Honduras alongsid‚Ä¶ https://t.co/wzULYjTADs,Sat Apr 28 14:31:01 +0000 2018,@CNN,24
24,-0.6249,0.255,0.745,0.0,These kids were being bullied. Then a photographer transformed them into Avengers superheroes‚Ä¶ https://t.co/oRtaz9zecY,Sat Apr 28 14:01:08 +0000 2018,@CNN,25
25,-0.3612,0.217,0.783,0.0,Here's how far teacher salaries have fallen behind https://t.co/6XtGE8D2nK https://t.co/hcdGo2sAPZ,Sat Apr 28 13:31:07 +0000 2018,@CNN,26
26,0.34,0.0,0.805,0.195,Amazon is raising the price of Amazon Prime from $99 to $119 per year https://t.co/N0DpVCku8I https://t.co/84REwojwf9,Sat Apr 28 13:01:07 +0000 2018,@CNN,27
27,0.0,0.0,1.0,0.0,Sweden has opened the world's first public road that allows electric cars to recharge while driving‚Ä¶ https://t.co/Rfw1DgEHKD,Sat Apr 28 12:31:03 +0000 2018,@CNN,28
28,0.7717,0.0,0.642,0.358,"The super groovy talent behind ""Schoolhouse Rock"" | By Gene Seymour via @CNNOpinion https://t.co/8P3O7IDmnH https://t.co/rTKmd9z58Q",Sat Apr 28 12:01:02 +0000 2018,@CNN,29
29,0.0,0.0,1.0,0.0,"As the world's most populous nation, with the second-biggest economy, China is finding new and increasingly nerve-r‚Ä¶ https://t.co/lfY9olJ3FX",Sat Apr 28 11:31:05 +0000 2018,@CNN,30
30,0.3612,0.0,0.828,0.172,Get ready for the world's longest nonstop flight: Almost 20 hours https://t.co/ILyfh70lqm https://t.co/e8HtT9SZXf,Sat Apr 28 11:01:02 +0000 2018,@CNN,31
31,0.7501,0.0,0.767,0.233,"""Hannity is a very wealthy man. So is Donald Trump. It appears that part of the way they became rich was by decryin‚Ä¶ https://t.co/tZ5M9pVhL9",Sat Apr 28 10:46:04 +0000 2018,@CNN,32
32,-0.1779,0.145,0.855,0.0,These mysterious Arctic ice holes have NASA scientists puzzled https://t.co/EX5e9ACPux https://t.co/93xOfQRUqP,Sat Apr 28 10:31:05 +0000 2018,@CNN,33
33,-0.5267,0.167,0.833,0.0,A man was threatening to jump off an overpass so these truckers parked underneath to break his fall‚Ä¶ https://t.co/gMe3YRDj4A,Sat Apr 28 10:16:05 +0000 2018,@CNN,34
34,0.0,0.0,1.0,0.0,Nickelodeon is bringing back 'Double Dare' https://t.co/hJqRcKg93b https://t.co/Xkj4pEPnWO,Sat Apr 28 10:01:05 +0000 2018,@CNN,35
35,0.0,0.0,1.0,0.0,"Walmart's CEO earns 1,188 times as much as the company's median worker https://t.co/EfQG8ccR3e https://t.co/Ihk2Ta8Rju",Sat Apr 28 09:46:01 +0000 2018,@CNN,36
36,0.0,0.0,1.0,0.0,The hands did the talking during Macron's visit | GIF analysis by Brenna Williams https://t.co/sNMkmqz3Sx https://t.co/pt9qgW5ko9,Sat Apr 28 09:31:09 +0000 2018,@CNN,37
37,-0.6705,0.2,0.8,0.0,Fakhir Berwari disarmed thousands of mines in northern Iraq from 2003 until an improvised explosive device killed h‚Ä¶ https://t.co/Ye5yQUIzdS,Sat Apr 28 09:16:04 +0000 2018,@CNN,38
38,0.6124,0.0,0.8,0.2,A study says it takes about 50 hours with someone before you consider them a casual friend -- and 200 before you ac‚Ä¶ https://t.co/eMOqOmjF89,Sat Apr 28 09:01:05 +0000 2018,@CNN,39
39,0.0258,0.1,0.797,0.104,"After an argument with his mom, this 12-year-old boy used his mom's credit card and flew to Bali on his own‚Ä¶ https://t.co/D1nKqPmrhc",Sat Apr 28 08:46:05 +0000 2018,@CNN,40
40,0.0,0.0,1.0,0.0,"For Jessica Nabongo, becoming the first black woman to visit every country on Earth isn't just about getting her na‚Ä¶ https://t.co/txxkotHPj2",Sat Apr 28 08:31:03 +0000 2018,@CNN,41
41,0.0,0.0,1.0,0.0,Former President Obama will deliver a high-profile address in July marking the 100th anniversary of Nelson Mandela'‚Ä¶ https://t.co/p6nbLqCHWp,Sat Apr 28 08:16:03 +0000 2018,@CNN,42
42,0.0,0.0,1.0,0.0,"Colin Jost and Michael Che, anchors of ""Weekend Update"" on ""SNL,"" will co-host this year's Emmy Awards‚Ä¶ https://t.co/hzkZFe2HlH",Sat Apr 28 08:01:06 +0000 2018,@CNN,43
43,0.0,0.0,1.0,0.0,These are some of the most exquisite libraries in the world https://t.co/0wtZCbCJgV https://t.co/gi0GUYc75V,Sat Apr 28 07:31:06 +0000 2018,@CNN,44
44,-0.296,0.115,0.885,0.0,"Mamma Mia, here they go again -- Swedish pop group ABBA is back with new music https://t.co/HUT2Rm829u https://t.co/fOxtzv4HDr",Sat Apr 28 07:18:53 +0000 2018,@CNN,45
45,0.0,0.0,1.0,0.0,"Meet the new Gmail, now with disappearing messages https://t.co/Ksi3MlFdNJ https://t.co/FrbxXGAutx",Sat Apr 28 07:16:06 +0000 2018,@CNN,46
46,-0.743,0.317,0.566,0.117,It took a devastating earthquake and ensuing tsunami to transform Misaki Tanaka's view of disaster relief and inspi‚Ä¶ https://t.co/8MGqeZbKwS,Sat Apr 28 07:01:02 +0000 2018,@CNN,47
47,-0.7003,0.453,0.547,0.0,Australia's forgotten indigenous World War II veterans https://t.co/SdBpb0LL6Y https://t.co/2uZd6HIQOY,Sat Apr 28 06:31:06 +0000 2018,@CNN,48
48,0.3818,0.0,0.852,0.148,You can now set your Gmail messages to expire or protect them with a passcode https://t.co/aOxy8GBHAR https://t.co/Q9TSfp3pUz,Sat Apr 28 06:16:00 +0000 2018,@CNN,49
49,0.4588,0.0,0.875,0.125,"NASA is going to Mars again, this time with the first spaceship dedicated to digging deep below the surface to find‚Ä¶ https://t.co/uIH7xsWR2v",Sat Apr 28 06:01:02 +0000 2018,@CNN,50
50,-0.228,0.197,0.655,0.147,"Orange is comforting. 
Pink makes us less violent. 

The psychology of color: https://t.co/FMeiwT4rwA https://t.co/lfsHdeHxzI",Sat Apr 28 05:46:00 +0000 2018,@CNN,51
51,0.2732,0.115,0.723,0.162,A young US serviceman injured in Afghanistan was the recipient of the world's first successful total penis and scro‚Ä¶ https://t.co/oFMuRbK1Xb,Sat Apr 28 05:31:01 +0000 2018,@CNN,52
52,-0.3612,0.116,0.884,0.0,"Nickelodeon is reviving trivia game show ""Double Dare"" for a new generation of kids to compete in messy physical ch‚Ä¶ https://t.co/sCERaakGAi",Sat Apr 28 05:16:00 +0000 2018,@CNN,53
53,0.0,0.0,1.0,0.0,"While this teacher was working her second job as a cashier, a customer slipped her an envelope. When she opened it,‚Ä¶ https://t.co/HpzJ7XyrFd",Sat Apr 28 05:01:06 +0000 2018,@CNN,54
54,-0.7506,0.33,0.67,0.0,"Fearing that climate change is hurting their sport, Winter Olympians take on politics https://t.co/9eEe59WpGx https://t.co/ZfBdTgcZBZ",Sat Apr 28 04:46:05 +0000 2018,@CNN,55
55,0.0516,0.09,0.812,0.098,"Exposure to the kind of blue light emitted by outdoor LEDs, smartphones and tablets may increase your risk of breas‚Ä¶ https://t.co/JQ2FYeaqWE",Sat Apr 28 04:31:07 +0000 2018,@CNN,56
56,0.0,0.0,1.0,0.0,History was made Friday when Kim Jong Un became the first North Korean leader to cross into South Korean territory‚Ä¶ https://t.co/wQ0jonYk04,Sat Apr 28 04:16:04 +0000 2018,@CNN,57
57,0.3034,0.0,0.87,0.13,EXCLUSIVE: The NRA is setting aside years of documents regarding its ties to a Kremlin-linked banker‚Ä¶ https://t.co/xhs1JS1TjY,Sat Apr 28 04:01:04 +0000 2018,@CNN,58
58,0.0,0.0,1.0,0.0,Arizona's only two black state legislators were publicly rebuked after they expressed concern over a colleague usin‚Ä¶ https://t.co/Oex3COW0wn,Sat Apr 28 03:46:03 +0000 2018,@CNN,59
59,0.4404,0.0,0.838,0.162,FIFA directed attention to the organization's ethics rules following President Donald Trump's tweet supporting the‚Ä¶ https://t.co/thSjy2uSh1,Sat Apr 28 03:31:07 +0000 2018,@CNN,60
60,-0.4215,0.149,0.851,0.0,This award-winning photo of an anteater creeping toward a glowing termite mound was disqualified after judges concl‚Ä¶ https://t.co/my31vI7spK,Sat Apr 28 03:17:51 +0000 2018,@CNN,61
61,0.5542,0.068,0.739,0.194,"RT @AC360: ""With little to no money or food, she has tried to protect them [her children], in search of a better life."" - CNN's @leylasanti‚Ä¶",Sat Apr 28 03:03:24 +0000 2018,@CNN,62
62,0.0,0.0,1.0,0.0,"Gabriela Hernandez, who is pregnant, and her two boys joined the ""migrant caravan"" of travelers across Mexico towar‚Ä¶ https://t.co/w69CpWBrqg",Sat Apr 28 02:54:23 +0000 2018,@CNN,63
63,-0.5859,0.255,0.745,0.0,These are the people our nonsense US border policy ignores | By @wkamaubell via @CNNOpinion https://t.co/HziZuiIh6w https://t.co/afeZDzfhun,Sat Apr 28 02:46:04 +0000 2018,@CNN,64
64,-0.128,0.143,0.737,0.12,"""We're stronger together"": After a football accident, doctors told him he'd never walk again. Seven years later, hi‚Ä¶ https://t.co/KVxRZQ3rpo",Sat Apr 28 02:42:11 +0000 2018,@CNN,65
65,0.0,0.0,1.0,0.0,"A main proponent of the Russia sanctions law known as the Magnitsky Act says Natalia Veselnitskaya, the Russian law‚Ä¶ https://t.co/PuKOUHKaWD",Sat Apr 28 02:36:06 +0000 2018,@CNN,66
66,-0.7717,0.261,0.739,0.0,An investigation into the death of a mentally ill man who was repeatedly tased in his shower by two West Milwaukee‚Ä¶ https://t.co/2R2uyUZE9e,Sat Apr 28 02:31:07 +0000 2018,@CNN,67
67,0.0,0.0,1.0,0.0,This Donald Trump answer on Russian collusion is a real doozy | Analysis by @CillizzaCNN https://t.co/yZS5aUUHyG https://t.co/bJvExMfwcQ,Sat Apr 28 02:21:03 +0000 2018,@CNN,68
68,0.0,0.0,1.0,0.0,Hush money deals are business as usual for Stormy Daniels' ex-attorney https://t.co/lXlEkqzseG https://t.co/ILlawTiilb,Sat Apr 28 02:11:04 +0000 2018,@CNN,69
69,0.0,0.0,1.0,0.0,The Nevada Senate race shows that demographics are not destiny | Analysis by CNN's Harry Enten‚Ä¶ https://t.co/UhMAJlfxtQ,Sat Apr 28 02:01:08 +0000 2018,@CNN,70
70,-0.6597,0.329,0.671,0.0,All 10 victims of the Toronto van attack have been identified https://t.co/oE3zD2fLJQ https://t.co/QjLUniozNt,Sat Apr 28 01:51:08 +0000 2018,@CNN,71
71,-0.2263,0.107,0.829,0.063,Rabbis want Kansas state Sen. Steve Fitzgerald to stop citing the Nazis and Holocaust in his anti-abortion argument‚Ä¶ https://t.co/QZbRxi3woV,Sat Apr 28 01:51:07 +0000 2018,@CNN,72
72,0.3641,0.05,0.829,0.12,"RT @AC360: ""It's almost laughable, except it's not, that invoking fairness and remembering those less fortunate, apparently is now a firing‚Ä¶",Sat Apr 28 01:44:20 +0000 2018,@CNN,73
73,0.0,0.0,1.0,0.0,A Republican candidate in the Georgia gubernatorial race appears to have cribbed language from Missouri Gov. Eric G‚Ä¶ https://t.co/zMnmoq2caD,Sat Apr 28 01:43:06 +0000 2018,@CNN,74
74,-0.3818,0.14,0.86,0.0,American Airlines is being sued after a bride returning from her honeymoon had a medical emergency during a flight‚Ä¶ https://t.co/pFTc5ZLuI6,Sat Apr 28 01:37:23 +0000 2018,@CNN,75
75,0.0,0.0,1.0,0.0,"RT @AC360: ""I think she just blurted it out: ... she said ... 'I have a dual role: I'm a private attorney and I'm an informant.'"" - @Sharon‚Ä¶",Sat Apr 28 01:00:16 +0000 2018,@CNN,76
76,-0.4019,0.119,0.881,0.0,"""Doing one thing counts, especially for a species that's in such peril. Imagine what would happen if we all did one‚Ä¶ https://t.co/xefxwJO5dR",Sat Apr 28 00:57:42 +0000 2018,@CNN,77
77,0.0516,0.09,0.812,0.098,"Exposure to the kind of blue light emitted by outdoor LEDs, smartphones and tablets may increase your risk of breas‚Ä¶ https://t.co/eYrT16IdkN",Sat Apr 28 00:51:07 +0000 2018,@CNN,78
78,-0.4215,0.141,0.859,0.0,"14 more people have become ill from E. coli linked to romaine lettuce, the CDC says https://t.co/riP3ia471h https://t.co/RZ6gpIR2HQ",Sat Apr 28 00:46:04 +0000 2018,@CNN,79
79,-0.6486,0.261,0.739,0.0,Paul Ryan's firing of Father Conroy should worry us all | By Jay Parini via @CNNOpinion https://t.co/jMcFD4vHrs https://t.co/1bRaVFhzMN,Sat Apr 28 00:41:07 +0000 2018,@CNN,80
80,0.0,0.0,1.0,0.0,"The EPA inspector general is looking into Administrator Scott Pruitt's $50-per-night apartment rental, travel expen‚Ä¶ https://t.co/8L5tML33Zr",Sat Apr 28 00:36:03 +0000 2018,@CNN,81
81,0.1027,0.0,0.92,0.08,"Russians reached out to Trump team about Magnitsky Act sanctions after the 2016 election, Democrats say‚Ä¶ https://t.co/WyxJY1jsBq",Sat Apr 28 00:32:38 +0000 2018,@CNN,82
82,0.1531,0.142,0.733,0.125,"When Colorado teachers took to the streets for a second day of protests for better pay and learning conditions, the‚Ä¶ https://t.co/jd7gyJMRMj",Sat Apr 28 00:21:08 +0000 2018,@CNN,83
83,0.4588,0.0,0.875,0.125,"NASA is going to Mars again, this time with the first spaceship dedicated to digging deep below the surface to find‚Ä¶ https://t.co/wbgDjCiYfY",Sat Apr 28 00:08:30 +0000 2018,@CNN,84
84,-0.1779,0.102,0.898,0.0,This is the cultural dilemma of Bill Cosby's fall | By Gene Seymour via @CNNOpinion https://t.co/Rxqmc97xFo https://t.co/n91QLpRTpC,Fri Apr 27 23:57:03 +0000 2018,@CNN,85
85,0.6478,0.0,0.791,0.209,US Secretary of Defense James Mattis says there is more optimism than ever before when it comes to dealing with Nor‚Ä¶ https://t.co/3fHdNdj0ry,Fri Apr 27 23:32:38 +0000 2018,@CNN,86
86,0.0,0.0,1.0,0.0,"RT @TheLeadCNN: As the New York Times reports that the Russian lawyer at the Trump Tower meeting had previously unknown Kremlin ties, fmr.‚Ä¶",Fri Apr 27 23:16:14 +0000 2018,@CNN,87
87,-0.6486,0.185,0.815,0.0,An investigation of the Golden State Killer hinged on a search of public genetic databases. Here's what the case me‚Ä¶ https://t.co/EFKQziaJTU,Fri Apr 27 23:15:14 +0000 2018,@CNN,88
88,0.0,0.0,1.0,0.0,"Dr. Ronny, Emmanuel, Kanye, Cohen, Comey and more! 1 week in Washington | Analysis by @CillizzaCNN‚Ä¶ https://t.co/2E92oRG4my",Fri Apr 27 23:00:51 +0000 2018,@CNN,89
89,-0.7506,0.33,0.67,0.0,"Fearing that climate change is hurting their sport, Winter Olympians take on politics https://t.co/9UBBDDCA6i https://t.co/7FE26BJG5Y",Fri Apr 27 22:49:49 +0000 2018,@CNN,90
90,0.4404,0.0,0.838,0.162,FIFA directed attention to the organization's ethics rules following President Donald Trump's tweet supporting the‚Ä¶ https://t.co/5RmSefZpVu,Fri Apr 27 22:42:56 +0000 2018,@CNN,91
91,-0.7506,0.286,0.714,0.0,"Israeli forces shot and killed three Palestinian men during protests along the Israel-Gaza border on Friday, accord‚Ä¶ https://t.co/2byFWmoPrU",Fri Apr 27 22:27:25 +0000 2018,@CNN,92
92,0.0,0.0,1.0,0.0,"Wynn Resorts CEO Matt Maddox says the company wants to change the name of its Boston casino project from ""Wynn Bost‚Ä¶ https://t.co/Gzn60mLgJG",Fri Apr 27 22:01:07 +0000 2018,@CNN,93
93,-0.2263,0.095,0.905,0.0,"The judge in Stormy Daniels' lawsuit against President Donald Trump and his personal attorney, Michael Cohen, has i‚Ä¶ https://t.co/3A9QiLERVo",Fri Apr 27 21:53:18 +0000 2018,@CNN,94
94,0.0,0.0,1.0,0.0,Here's how artists depicted the week in Kanye https://t.co/1vJFdLwQZ0 https://t.co/FHgFQu4DW3,Fri Apr 27 21:39:47 +0000 2018,@CNN,95
95,-0.1779,0.144,0.744,0.112,"RT @TheLeadCNN: Many people don't realize that ""our border security hurts America,"" @wkamaubell tells @jaketapper, after interviewing peopl‚Ä¶",Fri Apr 27 21:37:16 +0000 2018,@CNN,96
96,-0.8834,0.377,0.623,0.0,"At least seven students were killed and 12 injured in a knife attack at a middle school in Shaanxi province, China,‚Ä¶ https://t.co/B6tDuy7Wm6",Fri Apr 27 21:25:31 +0000 2018,@CNN,97
97,0.3034,0.0,0.878,0.122,BREAKING EXCLUSIVE: The NRA is setting aside years of documents regarding its ties to a Kremlin-linked banker‚Ä¶ https://t.co/2IIcO9rld1,Fri Apr 27 21:13:53 +0000 2018,@CNN,98
98,0.0,0.0,1.0,0.0,"James Cameron brings star power to ""Story of Science Fiction"" https://t.co/fFX1SWat2F https://t.co/C76pOi1oJ6",Fri Apr 27 20:57:40 +0000 2018,@CNN,99
99,-0.5423,0.163,0.837,0.0,"Tom Brokaw rails against sexual harassment allegations in a letter to colleagues, saying he was ""perp walked ... as‚Ä¶ https://t.co/thtYpiQ19o",Fri Apr 27 20:54:30 +0000 2018,@CNN,100
100,0.0,0.0,1.0,0.0,These stars are going undercover for #CelebrityBoss! Find out more about Celebrity @undercover_cbs premiering May 1‚Ä¶ https://t.co/Deyn76ADT9,Thu Apr 26 23:40:24 +0000 2018,@CBS,1
101,0.75,0.0,0.687,0.313,"New courage. New hope. New season. 

Season 3 of @CodeBlackCBS premieres TONIGHT at 10/9c on CBS! https://t.co/rR8xUCKlzI",Wed Apr 25 21:48:49 +0000 2018,@CBS,2
102,0.5719,0.0,0.837,0.163,Celebrate #DNADay by letting your forensic flag fly and revisit some classic episodes of @CSI_CBS on CBS All Access‚Ä¶ https://t.co/YCbHDK2r4b,Wed Apr 25 18:09:50 +0000 2018,@CBS,3
103,0.6239,0.0,0.779,0.221,"Get ready for big reveals, dramatic conclusions, and huge guest stars! Find out more about the 2017-2018 season fin‚Ä¶ https://t.co/xcBChnjEvH",Wed Apr 25 16:55:33 +0000 2018,@CBS,4
104,0.6696,0.0,0.776,0.224,Who‚Äôs ready to see these moves? üï∫ Tune in to the @latelateshow‚Äôs Carpool Karaoke Primetime Special TONIGHT at 10/9c! https://t.co/gjrURqXaPN,Mon Apr 23 21:03:22 +0000 2018,@CBS,5
105,0.4019,0.0,0.863,0.137,"The 53rd #ACMawards turned into one big party when @KeithUrban and @juliamichaels performed their upbeat single ""Co‚Ä¶ https://t.co/Q3Zj3EzuNs",Sun Apr 22 16:00:03 +0000 2018,@CBS,6
106,-0.4019,0.105,0.895,0.0,A blind date was all it took. Learn more about Meghan Markle and her road to royalty from the people who know her b‚Ä¶ https://t.co/fEAMUblPQ4,Fri Apr 20 22:00:01 +0000 2018,@CBS,7
107,0.0,0.0,1.0,0.0,RT @carrieunderwood: ICYMI! Watch Carrie‚Äôs performance of #CryPretty from the #ACMawards below! -TeamCU https://t.co/T9I3ko2xFu,Fri Apr 20 17:34:37 +0000 2018,@CBS,8
108,0.0,0.0,1.0,0.0,There's a new addition to the cast of the upcoming revival of Murphy Brown!  Learn more about Tyne Daly's character‚Ä¶ https://t.co/ijSXSLyDaR,Thu Apr 19 20:00:00 +0000 2018,@CBS,9
109,0.4877,0.0,0.826,0.174,"Country superstar @LukeBryanOnline delivers his moving anthem ""Most People Are Good"" at the 53rd #ACMawards:‚Ä¶ https://t.co/GhhAsEDqmq",Thu Apr 19 19:00:02 +0000 2018,@CBS,10
110,0.4939,0.0,0.868,0.132,"Coming to CBS All Access June 14, #StrangeAngel is inspired by the real life story of Jack Parsons and explores the‚Ä¶ https://t.co/IsPrXRNXye",Thu Apr 19 17:08:44 +0000 2018,@CBS,11
111,0.4199,0.0,0.872,0.128,When you realize there are TWO episodes of @CrimMinds_CBS tonight! üëè Who‚Äôs ready for the double-episode season fina‚Ä¶ https://t.co/CWVAHHeIGr,Wed Apr 18 21:00:01 +0000 2018,@CBS,12
112,0.8539,0.0,0.645,0.355,Giving you even more reasons to celebrate! üéâ See which CBS series are back for another year: https://t.co/O2LI0eJXTA https://t.co/H436kL1jSK,Wed Apr 18 18:57:45 +0000 2018,@CBS,13
113,0.5994,0.0,0.804,0.196,"Watch country star @blakeshelton belt out his beautiful ballad ""I Lived It"" at the 53rd #AMCawards:‚Ä¶ https://t.co/w0WRmpQ6fk",Wed Apr 18 17:00:03 +0000 2018,@CBS,14
114,0.2284,0.122,0.718,0.16,RT @joshgroban: I AM SO HAPPY I COULD CRY BUT ITS MIDNIGHT IN JAPAN SO I WILL SLEEP BUT ‚ÄºÔ∏è‚ÄºÔ∏è‚ÄºÔ∏è‚ÄºÔ∏èüë´üèÜüé≠üò≠üîú #TonyAwards2018 https://t.co/NLss47K6‚Ä¶,Wed Apr 18 15:14:39 +0000 2018,@CBS,15
115,0.0,0.0,1.0,0.0,Broadway stars @SaraBareilles and @joshgroban will host @TheTonyAwards on June 10! Hear how these multi-talented ar‚Ä¶ https://t.co/jy52FKd7t0,Wed Apr 18 15:10:34 +0000 2018,@CBS,16
116,0.0,0.0,1.0,0.0,Can you believe it‚Äôs been 11 years since @taylorswift13‚Äôs first-ever performance at the #ACMawards?! Look back at t‚Ä¶ https://t.co/QHSPuJLLFb,Tue Apr 17 00:26:33 +0000 2018,@CBS,17
117,0.0,0.0,1.0,0.0,Waiting for the @ScorpionCBS season finale to start like‚Ä¶ Tune in at 10/9c! https://t.co/peoDXtO707,Mon Apr 16 23:00:02 +0000 2018,@CBS,18
118,0.0,0.0,1.0,0.0,Cast your vote! #ACMawards https://t.co/57ZN5gr6Y1,Mon Apr 16 17:00:04 +0000 2018,@CBS,19
119,0.2714,0.071,0.806,0.123,RT @CBSTweet: #CBSRatingsNews: #ACMawards Dominate on #CBS.  Over 12 million Total Viewers.  +11% year to year increase!  Biggest audience‚Ä¶,Mon Apr 16 16:02:49 +0000 2018,@CBS,20
120,-0.296,0.167,0.833,0.0,"In case you missed it, watch the entire #ACMawards now: https://t.co/P3pgMJE2oh https://t.co/OOG2R0Mb4J",Mon Apr 16 15:00:02 +0000 2018,@CBS,21
121,0.5719,0.0,0.821,0.179,Relive a night of all-star country music performances and epic wins at the #ACMawards. Stream the entire show:‚Ä¶ https://t.co/iA3SMVIhpA,Mon Apr 16 06:11:41 +0000 2018,@CBS,22
122,0.765,0.0,0.708,0.292,Multiple ACM Award Winners @KeithUrban and @carrieunderwood just added one more trophy to their collection with the‚Ä¶ https://t.co/rMGCzOeJQK,Mon Apr 16 06:00:00 +0000 2018,@CBS,23
123,0.0,0.0,1.0,0.0,That's a wrap for the 53rd #ACMawards! üé¨ https://t.co/jM0HKud3d6,Mon Apr 16 05:55:00 +0000 2018,@CBS,24
124,0.0,0.0,1.0,0.0,"To all of tonight's nominees, we tip our hats to you! ü§† #ACMawards https://t.co/eytEezfIgS",Mon Apr 16 05:30:00 +0000 2018,@CBS,25
125,0.636,0.0,0.682,0.318,Retweet if you think @carrieunderwood looks beautiful tonight! #ACMawards https://t.co/sqefiLBcXd,Mon Apr 16 05:00:00 +0000 2018,@CBS,26
126,0.128,0.1,0.776,0.123,"In case you missed any, here's a rundown of all the performers from Country Music's Party of the Year¬Æ:‚Ä¶ https://t.co/KtRKXkUpmI",Mon Apr 16 05:00:00 +0000 2018,@CBS,27
127,0.5255,0.0,0.841,0.159,The #ACMawards crowd was roaring for Vocal Event Of The Year winners @KeithUrban and @carrieunderwood! Here is the‚Ä¶ https://t.co/rFB5f2lVo7,Mon Apr 16 03:56:42 +0000 2018,@CBS,28
128,0.8392,0.123,0.437,0.44,RT @AmberLee_RN: Anyone else crying from that @Jason_Aldean acceptance speech?! Wow! Congrats Jason! #vegasstrong #ACMawards,Mon Apr 16 03:06:10 +0000 2018,@CBS,29
129,0.4389,0.0,0.818,0.182,"Put your hands up for Entertainer of the Year, @Jason_Aldean! üôå #ACMawards https://t.co/QLFrrsyU8R",Mon Apr 16 03:02:50 +0000 2018,@CBS,30
130,0.8268,0.0,0.648,0.352,RT @min_d24: Love how @LukeBryanOnline was straight fan girling on @reba and @kelly_clarkson tonight on the #ACMawards! Y'all #killedit,Mon Apr 16 03:00:10 +0000 2018,@CBS,31
131,0.0,0.0,1.0,0.0,"Was that ""A-sharp"" performance by @reba and @kelly_clarkson or what!? üéº #ACMawards https://t.co/19pDyrELqC",Mon Apr 16 02:58:55 +0000 2018,@CBS,32
132,0.8687,0.0,0.605,0.395,The news keeps getting better and better. @ChrisStapleton deserves a standing ovation tonight! He wins again for Ma‚Ä¶ https://t.co/6m7nZFwPyK,Mon Apr 16 02:57:41 +0000 2018,@CBS,33
133,0.7152,0.0,0.626,0.374,RT @MattBoveHS: Most People Are Good is such a powerful song #ACMawards @LukeBryanOnline,Mon Apr 16 02:35:58 +0000 2018,@CBS,34
134,0.0,0.0,1.0,0.0,We have our #ACMawards Female Vocalist of the Year: @mirandalambert! üëè https://t.co/Xu7WPuv1f2,Mon Apr 16 02:26:16 +0000 2018,@CBS,35
135,-0.4023,0.172,0.828,0.0,"Without this talented group of women, @mirandalambert @reba @MarenMorris @KelseaBallerini and @carrieunderwood, lif‚Ä¶ https://t.co/Zwqh2PAdM1",Mon Apr 16 02:22:40 +0000 2018,@CBS,36
136,0.8877,0.0,0.512,0.488,RT @ElizabethGilbe3: @carrieunderwood never disappoints! What an amazing voice and beautiful soul! #ACMawards #girlcrush,Mon Apr 16 02:12:19 +0000 2018,@CBS,37
137,0.0,0.0,1.0,0.0,RT @SarahJPrimo: I could listen to Dan and Shay all day  #ACMawards,Mon Apr 16 02:10:19 +0000 2018,@CBS,38
138,0.7027,0.0,0.744,0.256,RT @MegsMouthful: @carrieunderwood Just WOW. Can‚Äôt wait to hear more of your new music! #ACMawards,Mon Apr 16 02:10:11 +0000 2018,@CBS,39
139,0.807,0.0,0.641,0.359,Hugs for @CarrieUnderwood and @KeithUrban's big win for Vocal Event of the Year! #ACMawards https://t.co/nn2XJ6nCSi,Mon Apr 16 02:10:09 +0000 2018,@CBS,40
140,0.0,0.0,1.0,0.0,Always be yourself. Unless you can be @carrieunderwood. Then be Carrie Underwood! #ACMawards #CryPretty https://t.co/32n0QJ1FLD,Mon Apr 16 02:04:45 +0000 2018,@CBS,41
141,-0.5423,0.189,0.811,0.0,"RT @VeldmanKylie: Carrie Underwood gives me chills everytime she performs, she always kills it üî•‚ù§ #ACMawards",Mon Apr 16 02:02:19 +0000 2018,@CBS,42
142,0.0,0.0,1.0,0.0,Hands up for @littlebigtown at the #ACMawardsüôå https://t.co/o8YFtpGLfK,Mon Apr 16 01:47:20 +0000 2018,@CBS,43
143,0.8038,0.0,0.659,0.341,RT @reba: So good to see my friend Eve twice this week! @therealeve @acmawards #acmawards https://t.co/a6LxEaQt8L,Mon Apr 16 01:47:01 +0000 2018,@CBS,44
144,0.5859,0.0,0.759,0.241,See all the amazing red carpet looks from the 53rd #ACMawards: https://t.co/ZeZiMXphFK https://t.co/Gi79cuuVPm,Mon Apr 16 01:46:34 +0000 2018,@CBS,45
145,0.8374,0.0,0.602,0.398,RT @maddymika_: the ACM awards are the BEST night of the year üòçüòçüòç‚ù£Ô∏è‚ù£Ô∏è‚ù£Ô∏è #ACMAwards,Mon Apr 16 01:41:44 +0000 2018,@CBS,46
146,-0.8034,0.388,0.612,0.0,üö® Sound the alarm because @mirandalambert is on FIRE üî• at the #ACMawards! https://t.co/11vshBs4EV,Mon Apr 16 01:40:16 +0000 2018,@CBS,47
147,-0.3254,0.34,0.451,0.209,RT @Skylar_Jean: @mirandalambert can do NO wrong. She is perfection. #ACMawards,Mon Apr 16 01:36:25 +0000 2018,@CBS,48
148,0.4588,0.0,0.769,0.231,RT @EmilyyBruorton: @mirandalambert is my all time favorite üî•#ACMAwards #keeperoftheflame #thebest,Mon Apr 16 01:36:19 +0000 2018,@CBS,49
149,0.0,0.0,1.0,0.0,Hats off to @Jason_Aldean! ü§† #ACMawards https://t.co/1WSjnafKoX,Mon Apr 16 01:34:44 +0000 2018,@CBS,50
150,0.6222,0.0,0.774,0.226,RT @alyssaa711: Country music just brings so much joy to my heart ‚ù§Ô∏è #ACMawards,Mon Apr 16 01:33:02 +0000 2018,@CBS,51
151,0.891,0.071,0.571,0.359,"She may hate love songs, but @KelseaBallerini knows how to write a great one. üíï Give her a round of applause for th‚Ä¶ https://t.co/r50viWNM0Z",Mon Apr 16 01:32:27 +0000 2018,@CBS,52
152,0.9041,0.0,0.552,0.448,The feeling when you win Vocal Group of the Year at the #ACMawards üéâ Congratulations to @OldDominion! https://t.co/4SjYLtwLXy,Mon Apr 16 01:29:12 +0000 2018,@CBS,53
153,0.0,0.0,1.0,0.0,RT @LouisianaNashie: Way to go Old Dominion #acmawards,Mon Apr 16 01:25:58 +0000 2018,@CBS,54
154,0.4199,0.0,0.843,0.157,There's nothing in the world like that performance by @KeithUrban and @juliamichaels. Nicole Kidman agrees!‚Ä¶ https://t.co/VlwVUkNZCi,Mon Apr 16 01:24:45 +0000 2018,@CBS,55
155,0.8902,0.0,0.654,0.346,RT @AbigailRamage: @reba is slaying the game! Loving her outfits and her puns. She is absolutely stunning!! My all time fave ‚ù§Ô∏è‚ù§Ô∏è #ACMAwards,Mon Apr 16 01:23:22 +0000 2018,@CBS,56
156,0.5994,0.0,0.766,0.234,"First-ever #ACMAwards winner @BrettYoungMusic stuns the crowd with an incredible performance of his hit, ""In Case Y‚Ä¶ https://t.co/ftoksP7HrZ",Mon Apr 16 01:19:11 +0000 2018,@CBS,57
157,0.7184,0.0,0.625,0.375,RT @tiffstarr16: ACM awards are my favorite time of the yearüòç #ACMawards,Mon Apr 16 01:09:49 +0000 2018,@CBS,58
158,0.0,0.0,1.0,0.0,RT @adelleborchetta: Loooove this song!!! @kanebrown and @Lauren_Alaina #WhatIfs #ACMAwards üòç‚ù§Ô∏èüéâ,Mon Apr 16 01:08:07 +0000 2018,@CBS,59
159,0.0,0.0,1.0,0.0,RT @kel_lee213: That Kane Brown performance üòçü§©üëè #kanebrown #whatif #ACMawards #country,Mon Apr 16 01:07:45 +0000 2018,@CBS,60
160,0.6696,0.0,0.842,0.158,"What if you were made for us, and we were made for you!? ‚ù§Ô∏è How much did you love @kanebrown and @Lauren_Alaina's d‚Ä¶ https://t.co/xiZQ5wgddc",Mon Apr 16 01:06:21 +0000 2018,@CBS,61
161,0.5255,0.0,0.78,0.22,What a performance! @gwenstefani was all smiles when @blakeshelton was on stage. #ACMawards https://t.co/yxbA1DbieE,Mon Apr 16 01:04:17 +0000 2018,@CBS,62
162,0.6688,0.0,0.572,0.428,RT @wendyjo3: #ACMawards loved that @blakeshelton performance!!,Mon Apr 16 01:01:33 +0000 2018,@CBS,63
163,0.0,0.0,1.0,0.0,"Making her first-ever appearance at the #ACMAwards, @BebeRexha performs her chart-topping collaboration with‚Ä¶ https://t.co/u1KXKrCbdD",Mon Apr 16 00:58:51 +0000 2018,@CBS,64
164,0.4199,0.0,0.834,0.166,This song by @ladyantebellum sounds like the single for the summer! üé∂ #ACMawards https://t.co/81aj1vqFYh,Mon Apr 16 00:51:28 +0000 2018,@CBS,65
165,0.5719,0.0,0.619,0.381,RT @42nagirl: Lady Antebellum is perfection. #ACMawards,Mon Apr 16 00:50:09 +0000 2018,@CBS,66
166,0.8513,0.0,0.611,0.389,"Hot off the presses! Congratulations on your win and your newborn twins, @ChrisStapleton ! #ACMawards https://t.co/4e9qhxMN69",Mon Apr 16 00:47:48 +0000 2018,@CBS,67
167,0.857,0.0,0.587,0.413,RT @_miracarrara: #ACMawards I am so happy ‚ÄúTin Man‚Äù won song of the year. amazingüòç@mirandalambert,Mon Apr 16 00:35:51 +0000 2018,@CBS,68
168,0.8118,0.0,0.487,0.513,RT @TheAmelieAnna: Yaaas! @mirandalambert congrats on #Tinman winning! #ACMAwards,Mon Apr 16 00:34:38 +0000 2018,@CBS,69
169,0.8398,0.0,0.579,0.421,Congratulations to @mirandalambert for her #ACMawards win for Song of the Year! https://t.co/pucK1Us49R,Mon Apr 16 00:33:32 +0000 2018,@CBS,70
170,0.4199,0.0,0.834,0.166,Looks like @BebeRexha and @FLAGALine are ‚ÄúMeant To Be‚Äù at the #ACMawards! üé∂ https://t.co/0RvqyJ9geh,Mon Apr 16 00:28:40 +0000 2018,@CBS,71
171,0.8225,0.0,0.678,0.322,RT @AlliCat028: Loving the show so far. @ChrisYoungMusic rocked it and of course @reba is perfect. @ACMawards #ACMAwards,Mon Apr 16 00:22:23 +0000 2018,@CBS,72
172,0.8271,0.0,0.645,0.355,RT if you loved that amazing performance of ‚ÄúRich‚Äù by @MarenMorris üí∏ #ACMawards https://t.co/3FeWpdOSl6,Mon Apr 16 00:20:59 +0000 2018,@CBS,73
173,0.4753,0.0,0.781,0.219,"Give a round of applause for the #ACMawards host, @reba! üëè https://t.co/ilIBWn6VIn",Mon Apr 16 00:09:58 +0000 2018,@CBS,74
174,0.8842,0.0,0.68,0.32,RT @JustinPlummer15: Laid up in bed with my dog watching the #ACMAwards is the best way to spend Sunday night üëåüèª,Mon Apr 16 00:04:04 +0000 2018,@CBS,75
175,0.6996,0.0,0.721,0.279,Get ready to see your favorite country stars light up the night. The #ACMawards start NOW! https://t.co/SCf66kSWxT,Sun Apr 15 23:59:46 +0000 2018,@CBS,76
176,0.0,0.0,1.0,0.0,Kick your boots off and stream the 53rd #ACMawards in 30 minutes on CBS All Access: https://t.co/sdTTidJYre https://t.co/pyi23nBPSH,Sun Apr 15 23:30:00 +0000 2018,@CBS,77
177,0.5093,0.0,0.87,0.13,Tonight's the night! Tune in at 8/7c to see @reba and all your favorite country artists take Vegas by storm at the‚Ä¶ https://t.co/UlPpES5eN8,Sun Apr 15 22:00:02 +0000 2018,@CBS,78
178,0.1759,0.0,0.922,0.078,The anticipation is real. Just three hours away from the 53rd #ACMawards! Tune in at 8/7c on CBS All Access:‚Ä¶ https://t.co/9os3PJ4pyQ,Sun Apr 15 21:00:01 +0000 2018,@CBS,79
179,0.6369,0.0,0.802,0.198,"Are you ready to party with @dariusrucker in a few hours at the #ACMawards? Watch the show LIVE at 8/7c on CBS, or‚Ä¶ https://t.co/xAGKgZFRoD",Sun Apr 15 20:00:01 +0000 2018,@CBS,80
180,0.0,0.0,1.0,0.0,Look out for @LukeBryanOnline's performance tonight at the 53rd #ACMawards! https://t.co/dgxgsfj5Hg,Sun Apr 15 16:00:01 +0000 2018,@CBS,81
181,0.34,0.0,0.893,0.107,Are you as excited for the #ACMawards as @KelseaBallerini? This Female Vocalist Of The Year nominee is taking the s‚Ä¶ https://t.co/JSj5jGH25H,Sat Apr 14 23:00:01 +0000 2018,@CBS,82
182,0.0,0.0,1.0,0.0,Watch @Jason_Aldean and @ThomasRhett take a break from rehearsals to spend quality time with Route 91 Survivors.‚Ä¶ https://t.co/TiDfaYxJUm,Sat Apr 14 20:26:59 +0000 2018,@CBS,83
183,0.8402,0.0,0.625,0.375,Country's brightest stars like @ThomasRhett are ready to pour their hearts out during their performances tomorrow n‚Ä¶ https://t.co/m3zOG8M8lw,Sat Apr 14 18:17:12 +0000 2018,@CBS,84
184,0.4574,0.0,0.864,0.136,You‚Äôre invited to Country Music's Party of the Year¬Æ! Here's everything you need to know before watching the 53rd‚Ä¶ https://t.co/Xr4iamFD7t,Sat Apr 14 14:00:00 +0000 2018,@CBS,85
185,0.4003,0.0,0.77,0.23,Get excited! @NCIS_CBS has been renewed for Season 16. https://t.co/JnL0D0vMsV,Fri Apr 13 22:33:38 +0000 2018,@CBS,86
186,0.3612,0.0,0.884,0.116,What goes into putting on an extraordinary show like the 53rd #ACMawards? Head behind the scenes with the executive‚Ä¶ https://t.co/2sFRfYNAku,Fri Apr 13 22:02:29 +0000 2018,@CBS,87
187,0.4939,0.0,0.824,0.176,Enjoy this #FlashbackFriday revisiting @ThomasRhett @KaceyMusgraves and more of country's biggest names for their f‚Ä¶ https://t.co/cnCQBnP1xI,Fri Apr 13 21:49:53 +0000 2018,@CBS,88
188,0.7088,0.0,0.718,0.282,"Host of the 53rd #ACMawards @reba is ready for ""family, friends, and getting together"" this Sunday! https://t.co/y25ZipnL32",Fri Apr 13 19:54:31 +0000 2018,@CBS,89
189,0.0,0.0,1.0,0.0,It's almost time for Broadway's Biggest Night! @katharinemcphee and @leslieodomjr are set to announce nominations f‚Ä¶ https://t.co/oHbuSD5ijc,Fri Apr 13 17:46:40 +0000 2018,@CBS,90
190,0.0,0.0,1.0,0.0,"In two days, Vocal Group Of The Year nominee @ladyantebellum will be serenading fans from the 53rd #ACMawards stage‚Ä¶ https://t.co/ku9cnef29x",Fri Apr 13 16:58:12 +0000 2018,@CBS,91
191,0.0,0.0,1.0,0.0,"In just a few days, country superstar @KeithUrban will take center stage with @juliamichaels to perform his new sin‚Ä¶ https://t.co/he6TsePMgA",Thu Apr 12 21:00:00 +0000 2018,@CBS,92
192,0.4939,0.0,0.873,0.127,Country star @MarenMorris lit up the stage in honor of @eltonofficial and she's about to belt it out again at the 5‚Ä¶ https://t.co/OkGaL9MlB2,Thu Apr 12 19:00:03 +0000 2018,@CBS,93
193,0.4389,0.0,0.855,0.145,"Comedian, actor, and global superstar @KevinHart4real will host CBS‚Äô new TV competition TKO: TOTAL KNOCK OUT! Learn‚Ä¶ https://t.co/0XfMAoakDM",Thu Apr 12 18:06:10 +0000 2018,@CBS,94
194,0.8442,0.0,0.676,0.324,You may be surprised to learn some of your favorite TV stars have deep southern roots and a love for country music.‚Ä¶ https://t.co/rCoNVI0qeT,Thu Apr 12 16:08:57 +0000 2018,@CBS,95
195,0.0,0.0,1.0,0.0,RT @TheTalkCBS: WATCH: @Reba McEntire AND @kelly_clarkson will be singing a duet together at the #ACMs! Check out which song they chose üëç h‚Ä¶,Wed Apr 11 23:19:26 +0000 2018,@CBS,96
196,0.296,0.0,0.891,0.109,"This Sunday night, @carrieunderwood will be taking the stage to share her soon-to-be-released single live at the 53‚Ä¶ https://t.co/NRS6RAaKZK",Wed Apr 11 22:24:38 +0000 2018,@CBS,97
197,0.6809,0.213,0.449,0.338,"Pets‚Äîyou can't help but love 'em! Celebrate #NationalPetDay with more sweet, unexpected moments between Frasier and‚Ä¶ https://t.co/o4gNRN42su",Wed Apr 11 14:58:56 +0000 2018,@CBS,98
198,0.5574,0.0,0.805,0.195,"Today, 53rd #ACMawards host @reba will be answering fan questions when she takes to Facebook Live. Be sure to tune‚Ä¶ https://t.co/vsSjAPFW1Z",Wed Apr 11 14:07:00 +0000 2018,@CBS,99
199,0.0,0.0,1.0,0.0,"Country stars @JonPardi, @OfficialJackson, and more to perform ""ACM Flashbacks"" at the 53rd #ACMawards. Learn more‚Ä¶ https://t.co/z2KEo3PVUN",Wed Apr 11 13:35:30 +0000 2018,@CBS,100
200,-0.296,0.18,0.82,0.0,Missing London rapper Kenny Mukendi 'threw himself into Brazil sea' https://t.co/XPCRRkqBCv,Sat Apr 28 18:19:52 +0000 2018,@BBCWorld,1
201,0.5859,0.0,0.678,0.322,MSNBC's Joy Reid addresses homophobic blog post controversy https://t.co/oYHFeRBUdf,Sat Apr 28 18:19:52 +0000 2018,@BBCWorld,2
202,0.0,0.0,1.0,0.0,Row escalates over 'toxic' Trump pick for veterans' affairs https://t.co/GegB5aqe19,Sat Apr 28 16:54:24 +0000 2018,@BBCWorld,3
203,0.0,0.0,1.0,0.0,Saudi Arabia 'sorry' for promotional footage of women wrestlers https://t.co/qLbvtINMbr,Sat Apr 28 16:26:06 +0000 2018,@BBCWorld,4
204,0.5707,0.0,0.856,0.144,RT @BBCSteveR: Coming soon: I'm back at the piano with your #Eurovision requests! Tell me your favourite Eurovision winning song &amp; I'll pla‚Ä¶,Sat Apr 28 14:58:50 +0000 2018,@BBCWorld,5
205,0.296,0.21,0.455,0.335,Healthy Tasmanian devils discovered by scientists looking to save species https://t.co/tLUbCo34BN,Sat Apr 28 14:36:55 +0000 2018,@BBCWorld,6
206,0.0,0.0,1.0,0.0,Chinese firm Dalian Wanda opens $7.9bn 'movie metropolis' https://t.co/6fMuq8Wsfw,Sat Apr 28 14:36:55 +0000 2018,@BBCWorld,7
207,-0.296,0.213,0.662,0.125,Sumo wrestling: The growing sexism scandal in Japan's traditional sport https://t.co/X2yYv2rrnJ,Sat Apr 28 14:14:38 +0000 2018,@BBCWorld,8
208,0.4215,0.0,0.763,0.237,Rescued bald eagle released into the wild in Canada https://t.co/iez6fiCcMo,Sat Apr 28 13:27:03 +0000 2018,@BBCWorld,9
209,0.4215,0.0,0.823,0.177,Peter Norman: Sprinter involved in Black Power salute given posthumous Order of Merit https://t.co/bd4GmgZYWC,Sat Apr 28 12:42:36 +0000 2018,@BBCWorld,10
210,0.5346,0.141,0.519,0.34,Korea summit: When war ends but peace is out of reach https://t.co/6OwBm0z2ay,Sat Apr 28 11:56:07 +0000 2018,@BBCWorld,11
211,-0.3612,0.293,0.526,0.18,Play as a refugee in Syrian war video game https://t.co/Iy4txfWpHl,Sat Apr 28 11:53:36 +0000 2018,@BBCWorld,12
212,0.0,0.0,1.0,0.0,Kanye West defends pro-Trump politics in new song https://t.co/eDKXsx5nWa,Sat Apr 28 11:17:23 +0000 2018,@BBCWorld,13
213,-0.6486,0.415,0.44,0.145,Myanmar violence: Thousands flee fresh fighting in Kachin state https://t.co/VaZ49fIc5R,Sat Apr 28 10:11:45 +0000 2018,@BBCWorld,14
214,0.0,0.0,1.0,0.0,Bangladesh's disappearing ear cleaners https://t.co/5yw1yE6hyk,Sat Apr 28 09:05:49 +0000 2018,@BBCWorld,15
215,-0.5994,0.262,0.738,0.0,RT @bbcworldservice: How do you feel about a Syrian war video game? https://t.co/YE6e5VrLkA,Sat Apr 28 08:56:38 +0000 2018,@BBCWorld,16
216,-0.4767,0.237,0.763,0.0,√âtienne Terrus museum in Elne uncovers fake art in collection https://t.co/bkI7UPmvUz,Sat Apr 28 08:46:56 +0000 2018,@BBCWorld,17
217,0.0,0.0,1.0,0.0,Body language expert: Macron and Trump vs Merkel and Trump https://t.co/d6BSrfQaf0,Sat Apr 28 07:48:55 +0000 2018,@BBCWorld,18
218,0.0772,0.0,0.86,0.14,Koreas summit: North Korean media hail 'historic' meeting https://t.co/XgW5WG7Nyy,Sat Apr 28 04:40:01 +0000 2018,@BBCWorld,19
219,0.5423,0.0,0.72,0.28,Koreas summit: Will historic talks lead to lasting peace? https://t.co/KGG7yOhidn,Sat Apr 28 04:18:04 +0000 2018,@BBCWorld,20
220,0.128,0.184,0.583,0.233,France's protesters revive ghosts of 1968 revolt https://t.co/EYmmicnA6k,Sat Apr 28 04:07:07 +0000 2018,@BBCWorld,21
221,0.0,0.0,1.0,0.0,SOS! Will Abba's new music live up to their legacy? https://t.co/8DtlZncAbt,Sat Apr 28 01:07:39 +0000 2018,@BBCWorld,22
222,0.2023,0.0,0.833,0.167,Crossing Divides: Can Chinese Americans solve differences over dinner? https://t.co/v5YfYenJ5Y,Sat Apr 28 01:01:46 +0000 2018,@BBCWorld,23
223,-0.4939,0.286,0.714,0.0,Lions are being poisoned in Uganda's National Park https://t.co/RpbTlwAAka,Sat Apr 28 00:44:11 +0000 2018,@BBCWorld,24
224,0.0,0.0,1.0,0.0,Week in pictures: 21-27 April 2018 https://t.co/hrAYCUMVdX,Sat Apr 28 00:38:01 +0000 2018,@BBCWorld,25
225,-0.7579,0.419,0.581,0.0,Golden State Killer suspect: Joseph James DeAngelo appears in court https://t.co/zFainEg7Vz,Sat Apr 28 00:28:56 +0000 2018,@BBCWorld,26
226,0.0772,0.0,0.86,0.14,Quebec mosque gunman may face 150-year jail sentence https://t.co/4DxfnrBQhW,Fri Apr 27 23:51:25 +0000 2018,@BBCWorld,27
227,0.0,0.0,1.0,0.0,Michael Cohen: Stormy Daniels case against Trump's lawyer put on hold https://t.co/ZAZRIWrYJg,Fri Apr 27 23:51:25 +0000 2018,@BBCWorld,28
228,-0.4019,0.231,0.769,0.0,Guinea politician 'enslaved girl in Texas for 16 years' https://t.co/POdPyGSCG9,Fri Apr 27 20:35:05 +0000 2018,@BBCWorld,29
229,0.7506,0.0,0.584,0.416,Korean summit: Welcoming Kim Jong-un with pomp and peace rituals https://t.co/k7LuSuYXeS,Fri Apr 27 19:08:26 +0000 2018,@BBCWorld,30
230,0.2732,0.0,0.826,0.174,Trump visit: How previous presidents were greeted by the UK https://t.co/EdgbjbwUGs,Fri Apr 27 19:05:36 +0000 2018,@BBCWorld,31
231,-0.6705,0.333,0.667,0.0,"Israel border clashes: Three Palestinians killed, Gaza officials say https://t.co/4SKGfbaaPW",Fri Apr 27 18:29:57 +0000 2018,@BBCWorld,32
232,0.3612,0.168,0.531,0.301,Armenia's new president praises 'courage' of protesters https://t.co/Jsd0rGlBr2,Fri Apr 27 18:09:23 +0000 2018,@BBCWorld,33
233,0.3818,0.0,0.776,0.224,Ethics debate as pig brains kept alive without a body https://t.co/yLQDdaWpqA,Fri Apr 27 17:40:11 +0000 2018,@BBCWorld,34
234,-0.0772,0.126,0.874,0.0,Balenciaga sorry over mistreatment of Chinese shoppers in Paris https://t.co/NwcZIJXwfn,Fri Apr 27 17:07:58 +0000 2018,@BBCWorld,35
235,0.0,0.0,1.0,0.0,Peru child sacrifice discovery may be largest in history https://t.co/9EAkdEQcwu,Fri Apr 27 16:34:57 +0000 2018,@BBCWorld,36
236,0.0,0.0,1.0,0.0,The race to document Australia's unknown species https://t.co/KvRqLuPXab,Fri Apr 27 15:24:47 +0000 2018,@BBCWorld,37
237,0.4019,0.0,0.722,0.278,I used YouTube to help deliver my baby https://t.co/fAOvs4h2LC,Fri Apr 27 15:08:34 +0000 2018,@BBCWorld,38
238,0.0,0.0,1.0,0.0,Merkel holds 'working visit' with Trump at the White House https://t.co/ldZMdBbag2,Fri Apr 27 14:49:39 +0000 2018,@BBCWorld,39
239,0.6369,0.0,0.682,0.318,French-Tunisian baker on the secrets behind Paris' best baguettes https://t.co/cTX54HTNV0,Fri Apr 27 14:17:22 +0000 2018,@BBCWorld,40
240,-0.7783,0.576,0.424,0.0,China teenage students stabbed to death https://t.co/AAPCKVp2bU,Fri Apr 27 13:01:37 +0000 2018,@BBCWorld,41
241,-0.6908,0.402,0.598,0.0,Viewpoint: Spain rape case highlights enduring machismo https://t.co/RwyjZa1YTM,Fri Apr 27 12:30:26 +0000 2018,@BBCWorld,42
242,0.0,0.0,1.0,0.0,ABBA announce first new music since 1982 https://t.co/y3WnuMHAeq,Fri Apr 27 12:00:25 +0000 2018,@BBCWorld,43
243,0.0,0.0,1.0,0.0,Kenya bans Rafiki ahead of Cannes debut over lesbian scenes https://t.co/k67O8AGpCw,Fri Apr 27 11:46:24 +0000 2018,@BBCWorld,44
244,0.0,0.0,1.0,0.0,Cardi B is being sued by her former manager for ¬£7m https://t.co/aDXZqijAVZ,Fri Apr 27 11:10:18 +0000 2018,@BBCWorld,45
245,0.0,0.0,1.0,0.0,Harry Potter star Tom Felton set for new YouTube sci-fi series Origin https://t.co/V8lwj4ivzl,Fri Apr 27 10:34:50 +0000 2018,@BBCWorld,46
246,-0.5994,0.302,0.698,0.0,North Korea: Otto Warmbier's family sues over son's death https://t.co/tEnhyoy23z,Fri Apr 27 10:29:26 +0000 2018,@BBCWorld,47
247,0.0,0.0,1.0,0.0,How to handle the flood of GDPR privacy updates https://t.co/TVltjNM07l,Fri Apr 27 10:15:17 +0000 2018,@BBCWorld,48
248,0.2732,0.0,0.792,0.208,Five times Kanye West took us by surprise https://t.co/8sadUUC6Wl,Fri Apr 27 09:55:18 +0000 2018,@BBCWorld,49
249,0.0,0.0,1.0,0.0,Wildlife photo competition disqualifies 'stuffed anteater' image https://t.co/X0WI8FFg6D,Fri Apr 27 09:47:05 +0000 2018,@BBCWorld,50
250,-0.765,0.423,0.577,0.0,Israel floods: Arrests as 10 teens drown on school trip https://t.co/isM4x6llRt,Fri Apr 27 09:44:14 +0000 2018,@BBCWorld,51
251,-0.4767,0.307,0.693,0.0,IS web media targeted in EU-led attack https://t.co/KZuNoxnqZh,Fri Apr 27 09:44:12 +0000 2018,@BBCWorld,52
252,0.0,0.0,1.0,0.0,Koreas make nuclear pledge after summit https://t.co/WSBC9TZn59,Fri Apr 27 09:18:59 +0000 2018,@BBCWorld,53
253,0.0,0.0,1.0,0.0,K-pop superstars BTS launch world tour https://t.co/iGF9YBajCg,Fri Apr 27 07:16:24 +0000 2018,@BBCWorld,54
254,0.0,0.0,1.0,0.0,Real-life Transformer: The Japanese robot that becomes a car https://t.co/ES9J4wDTmN,Fri Apr 27 07:10:33 +0000 2018,@BBCWorld,55
255,0.0,0.0,1.0,0.0,"RT @BBCBreaking: #interkoreansummit

‚Ä¢ Kim Jong-un crosses into South Korea
‚Ä¢ First North Korean leader to do so since the end of the Korea‚Ä¶",Fri Apr 27 06:57:17 +0000 2018,@BBCWorld,56
256,0.0,0.0,1.0,0.0,"A joint declaration will be signed at the end of today's https://t.co/TaMkQQTxAN's what we can expect. 
https://t.co/0r9P8EPdhX",Fri Apr 27 06:26:42 +0000 2018,@BBCWorld,57
257,-0.8462,0.426,0.574,0.0,"DNA linked the crimes but police had struggled to identify the attacker.
https://t.co/2BWkGTvdmz",Fri Apr 27 06:01:14 +0000 2018,@BBCWorld,58
258,0.0,0.0,1.0,0.0,"From loudspeakers to balloons: How the Koreas wind each other up
https://t.co/hfg6YGsryO",Fri Apr 27 05:07:03 +0000 2018,@BBCWorld,59
259,0.0,0.0,1.0,0.0,The handshake that made history. https://t.co/JB09Ce9mHt,Fri Apr 27 04:21:53 +0000 2018,@BBCWorld,60
260,0.7269,0.0,0.643,0.357,Does Trump deserve the credit for peace talks with North Korea? https://t.co/nb7NsFvrX7 https://t.co/V3oXSutUug,Fri Apr 27 03:23:41 +0000 2018,@BBCWorld,61
261,-0.7579,0.481,0.519,0.0,Golden State Killer suspect traced using genealogy websites https://t.co/yQdFHhlT2n,Fri Apr 27 03:19:10 +0000 2018,@BBCWorld,62
262,0.0,0.0,1.0,0.0,Australia's Crown casino fined for 'blanking' slot machines https://t.co/XThBetqmPm,Fri Apr 27 03:16:28 +0000 2018,@BBCWorld,63
263,0.128,0.0,0.88,0.12,"History has been created, but the real work has just begun. https://t.co/YbVvpPL9v3",Fri Apr 27 02:46:46 +0000 2018,@BBCWorld,64
264,-0.5574,0.286,0.714,0.0,EU member states to vote on near-total neonicotinoids ban https://t.co/mD24VbaA9q,Fri Apr 27 02:15:08 +0000 2018,@BBCWorld,65
265,0.0,0.0,1.0,0.0,A brief but seismic chat between the two Korean leaders. https://t.co/JZUaZxGSqX,Fri Apr 27 02:07:27 +0000 2018,@BBCWorld,66
266,0.4019,0.0,0.722,0.278,Crossing Divides: Turkish schools help Syrians integrate https://t.co/eDS9AmYv5u,Fri Apr 27 02:02:56 +0000 2018,@BBCWorld,67
267,0.4019,0.0,0.769,0.231,Special master appointed in Trump lawyer Michael Cohen's case https://t.co/ztSrVzBswQ,Fri Apr 27 01:48:10 +0000 2018,@BBCWorld,68
268,0.0,0.0,1.0,0.0,A turning point for the Korean peninsula? https://t.co/Gt5AKDmO5s,Fri Apr 27 01:42:12 +0000 2018,@BBCWorld,69
269,0.0,0.0,1.0,0.0,Meet the ex-miners who are now walking on water https://t.co/hhZvmhCb3i,Fri Apr 27 01:27:46 +0000 2018,@BBCWorld,70
270,0.5423,0.0,0.863,0.137,"What Kim wrote in the guest book at Peace House just after crossing the border.
""A new history begins now - at the‚Ä¶ https://t.co/8y9xJqwaj4",Fri Apr 27 01:15:11 +0000 2018,@BBCWorld,71
271,0.0,0.0,1.0,0.0,Kim Jong-un crosses Korean border for summit https://t.co/VRPFj6vCF2,Fri Apr 27 01:00:24 +0000 2018,@BBCWorld,72
272,0.0,0.0,1.0,0.0,A seismic moment in the history of the Korean peninsula. Follow live updates here: https://t.co/vv5uV87fJX https://t.co/AExpnrcL1h,Fri Apr 27 00:41:59 +0000 2018,@BBCWorld,73
273,0.0,0.0,1.0,0.0,"Kim Jong-un becomes the first North Korean leader to cross the line dividing the Koreas, ahead of a historic summit. https://t.co/TOLeNnsK3U",Fri Apr 27 00:31:50 +0000 2018,@BBCWorld,74
274,-0.3321,0.208,0.792,0.0,Merkel visits Trump - so will she envy Macron's bromance? https://t.co/tAzIzMuX1R,Thu Apr 26 23:58:43 +0000 2018,@BBCWorld,75
275,-0.4404,0.225,0.775,0.0,Patricia Fox: The elderly nun the Philippines plans to expel https://t.co/CLzsiHAie0,Thu Apr 26 23:52:39 +0000 2018,@BBCWorld,76
276,0.0,0.0,1.0,0.0,Africa's week in pictures: 20-26 April 2018 https://t.co/quzzCg0194,Thu Apr 26 23:49:24 +0000 2018,@BBCWorld,77
277,0.128,0.226,0.511,0.263,The community trying to unite rich and poor https://t.co/30rFX5Lb2B,Thu Apr 26 23:46:39 +0000 2018,@BBCWorld,78
278,0.0,0.0,1.0,0.0,Cricket fans stump up cash for Iceland national team https://t.co/h4OD4Jdd0T,Thu Apr 26 23:43:29 +0000 2018,@BBCWorld,79
279,0.34,0.0,0.714,0.286,How police line-ups jail the innocent https://t.co/Xv89689Rtx,Thu Apr 26 23:22:36 +0000 2018,@BBCWorld,80
280,0.25,0.0,0.846,0.154,South Korea fishermen sail near the North and dream of unification https://t.co/TaxSdBrvtV,Thu Apr 26 23:19:50 +0000 2018,@BBCWorld,81
281,-0.6249,0.421,0.579,0.0,Alberto Fujimori: Peru ex-president faces forced sterilisation charges https://t.co/eygciAcIQc,Thu Apr 26 23:16:55 +0000 2018,@BBCWorld,82
282,0.0,0.0,1.0,0.0,Kim Jong-un to meet Moon Jae-in at Korean border for summit https://t.co/GdTo2OoSfH,Thu Apr 26 21:23:30 +0000 2018,@BBCWorld,83
283,-0.7717,0.456,0.544,0.0,Spain 'wolf pack' case: Thousands protest over rape ruling https://t.co/prsg84Bg23,Thu Apr 26 21:03:08 +0000 2018,@BBCWorld,84
284,-0.4215,0.123,0.877,0.0,"Lawyer for ex basketball player Andrea Constand pays tribute to her client, after Bill Cosby was found guilty of se‚Ä¶ https://t.co/EQJbIH8AWM",Thu Apr 26 19:53:12 +0000 2018,@BBCWorld,85
285,0.0,0.0,1.0,0.0,"Double amputee crawls up Colorado's 2,700-step Manitou Incline https://t.co/6GJ8ULEtkv",Thu Apr 26 19:52:41 +0000 2018,@BBCWorld,86
286,0.6597,0.0,0.526,0.474,How Israeli-Palestinian peace accord was prepared https://t.co/RK7NP2uVGh #CrossingDivides,Thu Apr 26 19:50:19 +0000 2018,@BBCWorld,87
287,0.2235,0.0,0.91,0.09,"""Money and power or who you are will not stop us from... prosecuting a case"" - District Attorney Kevin Steele makes‚Ä¶ https://t.co/xWhONv4Rnd",Thu Apr 26 19:33:15 +0000 2018,@BBCWorld,88
288,0.0,0.0,1.0,0.0,Gloria Allred on Bill Cosby: 'Finally women are believed' https://t.co/MJROJeIlxt,Thu Apr 26 18:59:53 +0000 2018,@BBCWorld,89
289,-0.4767,0.237,0.763,0.0,Russia says its witnesses discredit alleged chemical attack in Syria https://t.co/cmMdFVtLf1,Thu Apr 26 18:34:47 +0000 2018,@BBCWorld,90
290,-0.6486,0.323,0.677,0.0,Israel flash flood: Nine teenaged hikers dead in south https://t.co/vnxHqz3AZk,Thu Apr 26 18:31:46 +0000 2018,@BBCWorld,91
291,0.2023,0.0,0.769,0.231,Flirting across the India-Pakistan border https://t.co/61q9LWu3UR #CrossingDivides,Thu Apr 26 18:21:50 +0000 2018,@BBCWorld,92
292,-0.5859,0.388,0.612,0.0,Bill Cosby 'guilty' of sexual assault https://t.co/GUPben1CS8,Thu Apr 26 18:00:20 +0000 2018,@BBCWorld,93
293,0.0,0.0,1.0,0.0,Trump lets off steam in TV interview https://t.co/DrcfZQTabH,Thu Apr 26 17:51:17 +0000 2018,@BBCWorld,94
294,-0.5994,0.17,0.83,0.0,"RT @BBCNewsbeat: Avicii's family has released a new statement about his death, saying he ""could not go on any longer"" https://t.co/qQnRI0R3‚Ä¶",Thu Apr 26 17:36:05 +0000 2018,@BBCWorld,95
295,0.0,0.0,1.0,0.0,EX-CIA chief Mike Pompeo confirmed as secretary of state https://t.co/CsGuLME5vK,Thu Apr 26 17:16:34 +0000 2018,@BBCWorld,96
296,0.0,0.0,1.0,0.0,Can Nigeria's new tin mine heal ancient wounds? https://t.co/bx8pe87A6x #CrossingDivides,Thu Apr 26 17:15:44 +0000 2018,@BBCWorld,97
297,0.0,0.0,1.0,0.0,Nestl√© withdraws 'degrading' wife-hunt ad campaign in Morocco https://t.co/baLF5Tplb4,Thu Apr 26 16:53:33 +0000 2018,@BBCWorld,98
298,-0.5267,0.274,0.726,0.0,Revenge porn hub taken down by Dutch police raid https://t.co/pPKcRn6STV,Thu Apr 26 16:32:44 +0000 2018,@BBCWorld,99
299,0.5423,0.0,0.72,0.28,RT @BBCNews: Two ex-child soldiers forge peace bonds https://t.co/KWNhYSwRfq #CrossingDivides,Thu Apr 26 16:13:22 +0000 2018,@BBCWorld,100
300,0.6249,0.0,0.746,0.254,".@kathy4truth: ""This story is a perfect demonstration of the hypocrisy and extreme intolerance of the liberal left."" https://t.co/7Pss6IgUfb",Sat Apr 28 20:31:48 +0000 2018,@FoxNews,1
301,-0.1531,0.338,0.441,0.221,.@SteveHiltonx: Trump‚Äôs triumphs are driving his critics crazy https://t.co/7uSmJ5ffu3,Sat Apr 28 20:24:40 +0000 2018,@FoxNews,2
302,0.0951,0.0,0.854,0.146,"Fox News Poll: @POTUS ""not tough enough"" on: https://t.co/j4Lr3ArWhR",Sat Apr 28 20:20:11 +0000 2018,@FoxNews,3
303,-0.8519,0.458,0.542,0.0,BREAKING NEWS: Suspected killer of Maine sheriff's deputy arrested after 4-day manhunt. https://t.co/CBLXXUTWRe https://t.co/vQayWak6kR,Sat Apr 28 20:15:53 +0000 2018,@FoxNews,4
304,0.4019,0.0,0.863,0.137,".@jeffmason1 on WH Correspondents' Dinner: ""This is an administration that says it does support the First Amendment‚Ä¶ https://t.co/Ct67RPryZn",Sat Apr 28 20:13:29 +0000 2018,@FoxNews,5
305,0.5574,0.0,0.783,0.217,".@DrDarrinPorcher: ""Kanye understands that there's a lot of positive things that @POTUS is doing."" https://t.co/kb4gdpOkwL",Sat Apr 28 20:09:00 +0000 2018,@FoxNews,6
306,0.4588,0.0,0.857,0.143,".@RochelleRitchie: ""I honestly think that @kanyewest right now is being used as a political pawn to continue this T‚Ä¶ https://t.co/vZAmCi47B7",Sat Apr 28 20:01:36 +0000 2018,@FoxNews,7
307,0.0,0.0,1.0,0.0,Poll Average - Generic Congressional vote. https://t.co/zU97gGk682,Sat Apr 28 19:52:19 +0000 2018,@FoxNews,8
308,-0.5994,0.302,0.698,0.0,Man wanted in shooting death of Maine deputy caught https://t.co/qdEDNsc9lI,Sat Apr 28 19:49:29 +0000 2018,@FoxNews,9
309,-0.1779,0.175,0.699,0.126,OPINION: Ronny Jackson‚Äôs retreat from his VA secretary nomination is appalling https://t.co/6A5jb3vvKa,Sat Apr 28 19:36:57 +0000 2018,@FoxNews,10
310,0.296,0.0,0.855,0.145,"On @TheFive yesterday, @RealCandaceO decried the Democratic Party's record on helping African Americans.‚Ä¶ https://t.co/0wNmnCLlZS",Sat Apr 28 19:35:57 +0000 2018,@FoxNews,11
311,0.0,0.0,1.0,0.0,"Katy Perry and Orlando Bloom meet the Pope, step out together in Rome https://t.co/VsvaJOT8Og",Sat Apr 28 19:33:03 +0000 2018,@FoxNews,12
312,0.0,0.0,1.0,0.0,"Moments ago, President @realDonaldTrump decried allegations made by @SenatorTester about Ronny Jackson.‚Ä¶ https://t.co/Nc0a0OexR2",Sat Apr 28 19:23:50 +0000 2018,@FoxNews,13
313,0.0,0.0,1.0,0.0,Princess Michael of Kent reportedly had two black sheep named Venus and Serena https://t.co/axTzlzKZTC,Sat Apr 28 19:14:17 +0000 2018,@FoxNews,14
314,0.0,0.0,1.0,0.0,Brigitte Macron says @FLOTUS 'cannot do anything' https://t.co/OJWzE0JLRC,Sat Apr 28 19:09:32 +0000 2018,@FoxNews,15
315,0.6597,0.0,0.722,0.278,"@AdrianaCohen16: ""Labor unions support @POTUS. Blue-collar workers support the president, and they're not going any‚Ä¶ https://t.co/NWqKEwi1mk",Sat Apr 28 19:03:04 +0000 2018,@FoxNews,16
316,0.0,0.0,1.0,0.0,Fox News Poll: Job performance among likely West Virginia Primary voters. https://t.co/QVlPrCTTid https://t.co/pwnWD9YvIg,Sat Apr 28 18:56:20 +0000 2018,@FoxNews,17
317,0.4019,0.0,0.847,0.153,"Ben Kissel: ""The Tea Party wave of 2010 has become the blue wave of 2018."" https://t.co/tpca9GSmCl",Sat Apr 28 18:54:21 +0000 2018,@FoxNews,18
318,-0.34,0.138,0.862,0.0,.@realDonaldTrump calls on Tester to resign over Ronny Jackson allegations: ‚ÄòHis reputation has been shattered‚Äô https://t.co/WBzxfh3QhH,Sat Apr 28 18:49:12 +0000 2018,@FoxNews,19
319,0.4019,0.0,0.769,0.231,.@GiannoCaldwell: @kanyewest‚Äôs @realDonaldTrump Support Could Initiate 'Competition' Among Celebrities https://t.co/w8UcH02V9K,Sat Apr 28 18:40:02 +0000 2018,@FoxNews,20
320,0.0,0.0,1.0,0.0,MAY 1st: The West Virginia GOP Senate Primary Debate moderated by @BretBaier and @marthamaccallum - Tune in at 6:30‚Ä¶ https://t.co/K77dtwqZDx,Sat Apr 28 18:36:00 +0000 2018,@FoxNews,21
321,-0.4404,0.139,0.861,0.0,"Lt. Col. Daniel Davis: ""The ultimate objective is not to have nuclear weapons, it's to preserve their regime.""‚Ä¶ https://t.co/Pw7lRokHBs",Sat Apr 28 18:33:41 +0000 2018,@FoxNews,22
322,-0.2675,0.159,0.729,0.113,".@alaynatreene on Ronny Jackson: ""@POTUS really believes that there is this huge injustice going on against his nom‚Ä¶ https://t.co/o09I0XibDU",Sat Apr 28 18:24:40 +0000 2018,@FoxNews,23
323,-0.8834,0.507,0.493,0.0,'Lost Their G--Damn Humanity': PBA President Furious Over Release of Cop Killer https://t.co/RW7YcUeTW7,Sat Apr 28 18:12:22 +0000 2018,@FoxNews,24
324,0.4939,0.0,0.789,0.211,"Earlier, President @realDonaldTrump tweeted about his excitement for Saturday's rally in Michigan. https://t.co/5xcZuihhwN",Sat Apr 28 18:04:48 +0000 2018,@FoxNews,25
325,0.3612,0.0,0.828,0.172,.@Joy_Villa: @kanyewest supports @realDonaldTrump -- Here‚Äôs why his actions are so monumental https://t.co/DWSebiEIAI,Sat Apr 28 18:01:54 +0000 2018,@FoxNews,26
326,-0.2732,0.16,0.84,0.0,"Lamborghini cut in half after crashing into light pole, authorities say https://t.co/aWVANyVW6A",Sat Apr 28 17:48:23 +0000 2018,@FoxNews,27
327,-0.8258,0.338,0.662,0.0,".@dbongino on presidential physician Ronny Jackson: ‚ÄúThis is one of the most disgusting, horrifying, putrid episode‚Ä¶ https://t.co/btS1hdTOUt",Sat Apr 28 17:33:32 +0000 2018,@FoxNews,28
328,0.3612,0.0,0.839,0.161,OPINION: @Joy_Villa: @kanyewest supports @realDonaldTrump -- Here‚Äôs why his actions are so monumental https://t.co/NVKk7oP9u3,Sat Apr 28 17:23:17 +0000 2018,@FoxNews,29
329,-0.5994,0.262,0.738,0.0,JUST IN: Man wanted in shooting death of Maine deputy caught https://t.co/qdEDNsc9lI,Sat Apr 28 17:10:50 +0000 2018,@FoxNews,30
330,0.0,0.0,1.0,0.0,Thousands of balloons were released outside the Liverpool hospital where British toddler Alfie Evans died.‚Ä¶ https://t.co/0S930rjRZa,Sat Apr 28 17:05:30 +0000 2018,@FoxNews,31
331,-0.8834,0.507,0.493,0.0,'Lost Their G--Damn Humanity': PBA President Furious Over Release of Cop Killer https://t.co/7g4sgfv42Q,Sat Apr 28 16:57:50 +0000 2018,@FoxNews,32
332,-0.34,0.211,0.789,0.0,'Fire rainbow' spotted over Pinnacles National Park in California https://t.co/Fqv2DKbocI,Sat Apr 28 16:36:50 +0000 2018,@FoxNews,33
333,0.872,0.0,0.526,0.474,"OPINION: After North Korea triumph Trump deserves the Nobel Peace Prize, not Obama https://t.co/TZO9j6Zs88",Sat Apr 28 16:32:16 +0000 2018,@FoxNews,34
334,0.0,0.0,1.0,0.0,"OPINION: GQ just doesn‚Äôt get it, the Bible will never go out of style https://t.co/46a8g732Na",Sat Apr 28 16:21:54 +0000 2018,@FoxNews,35
335,0.0,0.0,1.0,0.0,"Trump hails ‚Äòongoing negotiations‚Äô after historic Koreas summit, says meeting with Kim ‚Äòbeing set‚Äô https://t.co/mTCjtQC1pm",Sat Apr 28 16:18:28 +0000 2018,@FoxNews,36
336,-0.4588,0.15,0.85,0.0,A sailor assigned to the Arleigh Burke-class guided-missile destroyer USS Preble (DDG 88) meets his daughter for th‚Ä¶ https://t.co/9LlQKdi0Ps,Sat Apr 28 16:01:50 +0000 2018,@FoxNews,37
337,-0.296,0.155,0.845,0.0,".@DevinNunes: ""We found no collusion between the Trump campaign and the Russians."" https://t.co/z3Qhd0bKtX",Sat Apr 28 15:56:32 +0000 2018,@FoxNews,38
338,0.0,0.0,1.0,0.0,Kate Middleton's baby reveal dress likened to 'Rosemary's Baby' frock on Twitter https://t.co/DeHPRtlf31,Sat Apr 28 15:54:11 +0000 2018,@FoxNews,39
339,-0.2263,0.192,0.808,0.0,Celebrities who stopped following @kanyewest on Twitter. https://t.co/pEhnKHdHOO https://t.co/iFhvDChIOt,Sat Apr 28 15:42:03 +0000 2018,@FoxNews,40
340,-0.3867,0.143,0.79,0.067,"TOMORROW: Don't miss ""Life, Liberty, &amp; Levin"" with @marklevinshow - Tune in at 10p ET on Fox News Channel! https://t.co/H2B6rEEUPT",Sat Apr 28 15:38:00 +0000 2018,@FoxNews,41
341,0.0,0.0,1.0,0.0,Secretary of State Mike Pompeo arrives in Saudi Arabia https://t.co/yUkuoOHLQT,Sat Apr 28 15:32:19 +0000 2018,@FoxNews,42
342,0.6486,0.0,0.773,0.227,.@DarrellIssa: ‚ÄúThe president has three responsibilities and one of them clearly is to protect our borders and he i‚Ä¶ https://t.co/FJHbn3L1Il,Sat Apr 28 15:20:43 +0000 2018,@FoxNews,43
343,0.0,0.0,1.0,0.0,Was 'liars' remark directed at Haley? Palestinian ambassador won't say https://t.co/WvlKz3JfFG,Sat Apr 28 15:16:09 +0000 2018,@FoxNews,44
344,0.0,0.0,1.0,0.0,Central American migrants seeking asylum in U.S. expected to cross U.S. - Mexico border this weekend https://t.co/eSsChla9u6,Sat Apr 28 15:10:45 +0000 2018,@FoxNews,45
345,0.3818,0.0,0.833,0.167,Customer in cowboy hat helps thwart armed robbery at Monterrey butcher shop https://t.co/siA4vwuo0r https://t.co/bSr9YB4ghH,Sat Apr 28 15:00:51 +0000 2018,@FoxNews,46
346,0.0,0.0,1.0,0.0,Finland to end its universal basic income program by year's end https://t.co/SZUgvw7SbC,Sat Apr 28 14:57:38 +0000 2018,@FoxNews,47
347,-0.34,0.138,0.862,0.0,Trump calls on Tester to resign over Ronny Jackson allegations: ‚ÄòHis reputation has been shattered‚Äô https://t.co/r0DN17Eckg,Sat Apr 28 14:49:07 +0000 2018,@FoxNews,48
348,0.5574,0.0,0.847,0.153,.@RepKinzinger: ‚ÄúI think the president has done a fantastic job to drive North Korea to the table and he should get‚Ä¶ https://t.co/Qvmzhcl80N,Sat Apr 28 14:34:55 +0000 2018,@FoxNews,49
349,-0.5267,0.173,0.827,0.0,"Hector Garza: ‚ÄúWhat we need to stop is catch and release. We need to stop releasing these people, if not the flood‚Ä¶ https://t.co/OyuOjXrgfW",Sat Apr 28 14:12:37 +0000 2018,@FoxNews,50
350,-0.6369,0.318,0.682,0.0,Arizona police officer fatally shot trying to apprehend carjacker https://t.co/clVwr6EcaD,Sat Apr 28 14:01:36 +0000 2018,@FoxNews,51
351,0.0,0.0,1.0,0.0,"Inflatable Duck Drifts Aimlessly Down Street in Des Moines, Iowa https://t.co/POseQr6H5E",Sat Apr 28 13:59:24 +0000 2018,@FoxNews,52
352,0.0,0.0,1.0,0.0,"Moments ago, President @realDonaldTrump tweeted about speaking with the President of South Korea and the Japanese P‚Ä¶ https://t.co/UOcYITFocl",Sat Apr 28 13:50:23 +0000 2018,@FoxNews,53
353,0.6597,0.15,0.437,0.413,Heart Attack Survivor Hand Delivers Gifts to Paramedics Who Saved His Life https://t.co/b0TwZFm34c,Sat Apr 28 13:41:40 +0000 2018,@FoxNews,54
354,0.0,0.0,1.0,0.0,.@jockowillink: ‚ÄúI think the biggest concern here is going to be egos on both sides and I think people are going to‚Ä¶ https://t.co/zYhJMvWlHs,Sat Apr 28 13:29:11 +0000 2018,@FoxNews,55
355,0.659,0.0,0.759,0.241,.@GeraldoRivera: ‚ÄúIf this happens and there are really meaningful steps taken‚Ä¶ the President of the United States s‚Ä¶ https://t.co/Bidp5JJ1SL,Sat Apr 28 13:18:27 +0000 2018,@FoxNews,56
356,-0.5106,0.202,0.798,0.0,"Pro-gun student sues school over dress code, claims it violates First Amendment rights https://t.co/lFBGnNsrMq",Sat Apr 28 12:48:01 +0000 2018,@FoxNews,57
357,0.0,0.0,1.0,0.0,".@AlanDersh: ‚ÄúThere should have been an independent, non-partisan investigation to look at the role that Russia pla‚Ä¶ https://t.co/F6iywOJUo6",Sat Apr 28 12:44:48 +0000 2018,@FoxNews,58
358,-0.5423,0.197,0.717,0.085,.@AlanDersh: ‚ÄúNow Democrats and left-wingers obviously think President Trump is the devil and they‚Äôre prepared to e‚Ä¶ https://t.co/8IyZzjjXhg,Sat Apr 28 12:44:21 +0000 2018,@FoxNews,59
359,-0.5994,0.196,0.804,0.0,"A woman leaves some flowers outside Alder Hey Children's Hospital in Liverpool, following the death of 23-month-old‚Ä¶ https://t.co/cYjFN6qoYB",Sat Apr 28 12:33:57 +0000 2018,@FoxNews,60
360,0.0,0.0,1.0,0.0,Moments ago President @realDonaldTrump tweeted about presidential physician Ronny Jackson https://t.co/yetLFXf6sZ,Sat Apr 28 12:12:30 +0000 2018,@FoxNews,61
361,0.0,0.0,1.0,0.0,Photo of Donald Trump 'look-alike' in Spain goes viral https://t.co/ELrZmo81wI,Sat Apr 28 12:07:36 +0000 2018,@FoxNews,62
362,0.4215,0.127,0.633,0.241,Olympian who stood with Americans in protest honored 50 years later https://t.co/MKAoIAPBQC,Sat Apr 28 11:58:15 +0000 2018,@FoxNews,63
363,0.4019,0.0,0.828,0.172,"Walmart customer in Kentucky uses store intercom to ask for help, goes viral https://t.co/2uCZ8g4XZM",Sat Apr 28 11:43:14 +0000 2018,@FoxNews,64
364,0.4588,0.0,0.87,0.13,"Rochelle Ritchie: ‚ÄúI honestly think that Kanye West right now, is being used as a political pawn to continue this T‚Ä¶ https://t.co/wwbqeU6lYo",Sat Apr 28 11:35:26 +0000 2018,@FoxNews,65
365,-0.743,0.27,0.73,0.0,Brandon Judd: ‚ÄúHow many more Americans need to lose their lives to illegal immigrants until we take a stand?‚Äù https://t.co/i7IyyDyG1c,Sat Apr 28 11:28:22 +0000 2018,@FoxNews,66
366,-0.5095,0.155,0.845,0.0,"Brandon Judd: ‚ÄúWhat President Trump has done is nothing less than miraculous, when he has completely forced a drop‚Ä¶ https://t.co/wDBpWv5jSh",Sat Apr 28 11:25:23 +0000 2018,@FoxNews,67
367,-0.34,0.315,0.484,0.202,"North, South Korea agree to end war https://t.co/2DPT9c6d00",Sat Apr 28 11:14:17 +0000 2018,@FoxNews,68
368,0.0,0.0,1.0,0.0,Anthony Tata: ‚ÄúWhat you‚Äôve got is a president who has said what he‚Äôs going to do and he does what he says.‚Äù https://t.co/5hj3GvS1Kl,Sat Apr 28 11:02:40 +0000 2018,@FoxNews,69
369,0.4404,0.0,0.775,0.225,.@dbongino on presidential physician Ronny Jackson: ‚ÄúThis is a good man.‚Äù https://t.co/gTOpqmUREE,Sat Apr 28 10:46:18 +0000 2018,@FoxNews,70
370,-0.8258,0.338,0.662,0.0,".@dbongino on presidential physician Ronny Jackson: ‚ÄúThis is one of the most disgusting, horrifying, putrid episode‚Ä¶ https://t.co/XmwpHA04B0",Sat Apr 28 10:44:00 +0000 2018,@FoxNews,71
371,0.0,0.0,1.0,0.0,President @realDonaldTrump holds rally in Michigan during White House Correspondent‚Äôs Dinner https://t.co/3xBkpo8S6Z https://t.co/f4Hp3BKexA,Sat Apr 28 10:30:50 +0000 2018,@FoxNews,72
372,0.2924,0.0,0.821,0.179,"Ex-adviser to Clinton not confrontational in 2nd video, police say https://t.co/BddpYihXAH",Sat Apr 28 10:27:13 +0000 2018,@FoxNews,73
373,0.2263,0.0,0.826,0.174,Discovery of a lifetime: 'Fake' gold coin actually worth millions https://t.co/fIyxpUVclH,Sat Apr 28 10:18:57 +0000 2018,@FoxNews,74
374,0.128,0.161,0.653,0.186,"Dems fear GOP wins in California because of state's primary system, Hoyer says: report https://t.co/Ke1LkysXXk",Sat Apr 28 10:17:51 +0000 2018,@FoxNews,75
375,0.0,0.0,1.0,0.0,Migrant caravan to cross border tomorrow https://t.co/RKTPpThMd6,Sat Apr 28 10:16:10 +0000 2018,@FoxNews,76
376,0.4002,0.113,0.69,0.197,"Louisiana boy, 8, returns lost $100 bill to elderly man: 'I'm so proud of him' https://t.co/oMb7U2pC7D",Sat Apr 28 10:15:20 +0000 2018,@FoxNews,77
377,0.0,0.0,1.0,0.0,White House pushes back on allegations against former Trump VA pick https://t.co/oTfGtd9wZo,Sat Apr 28 10:11:16 +0000 2018,@FoxNews,78
378,0.872,0.0,0.526,0.474,"OPINION: After North Korea triumph Trump deserves the Nobel Peace Prize, not Obama https://t.co/TZO9j6Zs88",Sat Apr 28 10:01:33 +0000 2018,@FoxNews,79
379,-0.3818,0.22,0.655,0.125,"Pic of teens' pre-prom prayer sparks anger, surprising reporter who posted it https://t.co/lCPRrsHn9T",Sat Apr 28 09:53:13 +0000 2018,@FoxNews,80
380,-0.7579,0.255,0.745,0.0,VFW Post 155 Jr. Vice-Commander places American flags on the grave sites of war veterans buried at Forrest Lawn Cem‚Ä¶ https://t.co/jbOVKmsK40,Sat Apr 28 09:42:26 +0000 2018,@FoxNews,81
381,-0.2732,0.198,0.687,0.115,"Alfie Evans, UK toddler at center of legal battle, dies https://t.co/nvSUscPoMR",Sat Apr 28 09:20:47 +0000 2018,@FoxNews,82
382,0.7003,0.0,0.714,0.286,".@Varneyco on universal basic income: ""Thank goodness that this experiment is coming to an end... You want money, g‚Ä¶ https://t.co/SJuqFcGi49",Sat Apr 28 09:05:00 +0000 2018,@FoxNews,83
383,0.296,0.0,0.845,0.155,"On @TheFive, @RealCandaceO decried the Democratic Party's record on helping African Americans.‚Ä¶ https://t.co/bDZOamqYEj",Sat Apr 28 09:00:01 +0000 2018,@FoxNews,84
384,0.6249,0.0,0.733,0.267,"Poll: If Democrats win the House in 2018, do you want them to impeach @POTUS? https://t.co/4UAPcn3H0a",Sat Apr 28 08:57:00 +0000 2018,@FoxNews,85
385,0.2263,0.0,0.899,0.101,"Yesterday, @HillaryClinton called for the FEC to allow candidates to use campaign funds for childcare when they‚Äôre‚Ä¶ https://t.co/pksiiX5nCo",Sat Apr 28 08:49:00 +0000 2018,@FoxNews,86
386,0.0,0.0,1.0,0.0,"On ""#Hannity,"" @JudgeJeanine gave her take on the uproar that has occurred on the left after Kanye West expressed a‚Ä¶ https://t.co/oZbStSRX4V",Sat Apr 28 08:41:00 +0000 2018,@FoxNews,87
387,0.4939,0.0,0.824,0.176,"On #IngrahamAngle, Andrew Stein decried what @TheDemocrats have become and praised the record of President‚Ä¶ https://t.co/gD00jFS7vT",Sat Apr 28 08:38:00 +0000 2018,@FoxNews,88
388,0.3818,0.0,0.86,0.14,".@kimguilfoyle: ""The mainstream media should give @POTUS credit here for what he's been able to accomplish."" https://t.co/Kz6dkee0hA",Sat Apr 28 08:30:00 +0000 2018,@FoxNews,89
389,0.7089,0.0,0.743,0.257,".@KatiePavlich: ""To see the progress here, I think, is really inspiring and I think that @POTUS deserves a lot of c‚Ä¶ https://t.co/EeB6bdrIxY",Sat Apr 28 08:21:00 +0000 2018,@FoxNews,90
390,0.8019,0.0,0.69,0.31,".@Enrique_Acevedo: ""You're not getting the criminals. You're getting the best of Mexico. The people who are wanting‚Ä¶ https://t.co/UYoxYNYdl2",Sat Apr 28 08:19:00 +0000 2018,@FoxNews,91
391,0.3071,0.0,0.84,0.16,"Terry Turchie, former @FBI official: ""The Democratic Party is important. It's part of our two-party system. But it‚Ä¶ https://t.co/U3R68vMVwx",Sat Apr 28 08:16:00 +0000 2018,@FoxNews,92
392,0.25,0.0,0.889,0.111,"""This president created the climate that allows for this [progress in North Korea].""

WATCH: @KellyannePolls' full‚Ä¶ https://t.co/h0cHyiywVv",Sat Apr 28 08:11:00 +0000 2018,@FoxNews,93
393,0.4404,0.0,0.756,0.244,".@hamzaskhan: ""@realDonaldTrump is benefiting from @BarackObama's good work."" #IngrahamAngle https://t.co/QUT6fitO7Y",Sat Apr 28 08:06:00 +0000 2018,@FoxNews,94
394,-0.2263,0.192,0.808,0.0,Celebrities who stopped following @kanyewest on Twitter. https://t.co/pEhnKHvjdo https://t.co/2jNTs0QykC,Sat Apr 28 07:46:00 +0000 2018,@FoxNews,95
395,-0.5423,0.163,0.837,0.0,".@TuckerCarlson on @NBC: ""Bc they traffic in the poison that is identity politics‚Äîwhich is a cul-de-sac &amp; will dest‚Ä¶ https://t.co/hkMa4STuPb",Sat Apr 28 07:41:00 +0000 2018,@FoxNews,96
396,0.0,0.0,1.0,0.0,"""Don't talk to me about hot sauce in your bag.""

On @TheFive, @RealCandaceO called out Democrats like‚Ä¶ https://t.co/2EGPGWlUJO",Sat Apr 28 07:39:00 +0000 2018,@FoxNews,97
397,0.802,0.0,0.631,0.369,".@RepMattGaetz: ""This report is a decisive win for @POTUS... Russians had a greater involvement in the drafting of‚Ä¶ https://t.co/c8zTEEswDq",Sat Apr 28 07:38:00 +0000 2018,@FoxNews,98
398,0.872,0.0,0.548,0.452,".@grecianformula: After North Korea triumph Trump deserves the Nobel Peace Prize, not Obama https://t.co/STZpI9yJmX https://t.co/Fa15blaiMr",Sat Apr 28 07:22:00 +0000 2018,@FoxNews,99
399,0.6597,0.0,0.735,0.265,"Andrew Stein: ""The Democratic Party's become a far-left party, a one-drum party which is 'Resist Trump' - the fact‚Ä¶ https://t.co/3bDLqZ6v7o",Sat Apr 28 07:03:00 +0000 2018,@FoxNews,100
400,0.4404,0.0,0.884,0.116,"Opinion: ""The good news is that more and more cities are deciding to wrest control of their streets back from the t‚Ä¶ https://t.co/vjqXPneReS",Sat Apr 28 20:30:11 +0000 2018,@nytimes,1
401,-0.3246,0.231,0.582,0.188,"Grace Mave, 12, barely survived an assault on her village in Congo in which her mom and siblings died. The attacker‚Ä¶ https://t.co/bNzjp3x5DN",Sat Apr 28 20:14:07 +0000 2018,@nytimes,2
402,-0.6369,0.245,0.755,0.0,"A fire broke out in a 33-story high-rise under construction in Baku, Azerbaijan, that was once called ‚ÄúDonald Trump‚Ä¶ https://t.co/nX57OO0dbw",Sat Apr 28 19:59:05 +0000 2018,@nytimes,3
403,0.4404,0.0,0.873,0.127,"On the way to a work dinner, 2 senior men at Nike debated whether L.A. or Portland had better strip clubs, accordin‚Ä¶ https://t.co/7n2qPQBpD6",Sat Apr 28 19:54:58 +0000 2018,@nytimes,4
404,-0.5423,0.184,0.816,0.0,"Five years ago, Pope Francis was elected to be an agent of change within a church shaken by scandals. He quickly be‚Ä¶ https://t.co/4Nd7KZwrvf",Sat Apr 28 19:45:08 +0000 2018,@nytimes,5
405,0.0,0.0,1.0,0.0,"For too many women, life inside Nike had turned toxic. So a group of women there started a small revolt. https://t.co/zRXZoLFQoj",Sat Apr 28 19:29:46 +0000 2018,@nytimes,6
406,0.4939,0.0,0.849,0.151,"Ludwig Bemelmans said that Madeline was inspired by his mother, wife and daughter. ‚ÄúBut,‚Äù his grandson wrote after‚Ä¶ https://t.co/siGfgOMu5E",Sat Apr 28 19:14:04 +0000 2018,@nytimes,7
407,-0.7519,0.335,0.512,0.153,"‚ÄúI have not been exempt from being dumb or cruel or hurtful to the very people I want to advocate for,‚Äù Joy Reid sa‚Ä¶ https://t.co/8X7I4yMXYa",Sat Apr 28 18:59:02 +0000 2018,@nytimes,8
408,0.0,0.0,1.0,0.0,Archaeologists in Peru say they have found evidence of what could be one of the world‚Äôs largest single cases of chi‚Ä¶ https://t.co/kwFGxAlE02,Sat Apr 28 18:45:09 +0000 2018,@nytimes,9
409,0.0,0.0,1.0,0.0,A memorial in Alabama demands a reckoning with one of America's least recognized atrocities: the lynching of thousa‚Ä¶ https://t.co/r013G4cH10,Sat Apr 28 18:30:05 +0000 2018,@nytimes,10
410,0.3581,0.16,0.593,0.247,"‚ÄúMy gladiator lay down his shield and gained his wings at 02.30 a.m. Absolutely heartbroken. I love you, my guy.‚Äù https://t.co/1Xt9sRaarg",Sat Apr 28 18:14:01 +0000 2018,@nytimes,11
411,-0.5859,0.242,0.758,0.0,"Could the G.O.P. lose Congress? President Trump has privately dismissed concerns, leaving officials nervous about h‚Ä¶ https://t.co/3yMpgG1sGS",Sat Apr 28 17:59:03 +0000 2018,@nytimes,12
412,0.0,0.0,1.0,0.0,üë∏üèª+ü§¥üèªhttps://t.co/wjIfFVGXWY,Sat Apr 28 17:45:04 +0000 2018,@nytimes,13
413,-0.8591,0.298,0.702,0.0,The Golden State Killer‚Äôs barrage of rapes and murders began in a gold mining area east of Sacramento in 1976. By 1‚Ä¶ https://t.co/S1k1HzYTpA,Sat Apr 28 17:30:11 +0000 2018,@nytimes,14
414,-0.6597,0.216,0.784,0.0,"Opinion: Two scientists write that ""a worldwide catastrophe is underway among an extraordinary group of birds."" https://t.co/7rdAQMMsvv",Sat Apr 28 17:16:04 +0000 2018,@nytimes,15
415,0.0,0.0,1.0,0.0,"Brock Crouch ended up on a bulge of snow that snapped underneath him. Then, he fell out of sight. https://t.co/fYhaq9YA3a",Sat Apr 28 17:01:02 +0000 2018,@nytimes,16
416,-0.8555,0.332,0.594,0.073,"‚ÄúHe was extremely wily.‚Äù 

How a serial rapist and murderer in California flaunted his power as well as his belief‚Ä¶ https://t.co/ZMxoC5aHjQ",Sat Apr 28 16:49:01 +0000 2018,@nytimes,17
417,-0.2263,0.115,0.809,0.077,"RT @jmartNYT: NEW: Top Republicans, including McConnell, increasingly believe they may lose both the House &amp; Senate, are pleading w Trump o‚Ä¶",Sat Apr 28 16:43:37 +0000 2018,@nytimes,18
418,0.3818,0.0,0.894,0.106,‚ÄúIt‚Äôs clear that we‚Äôre going to have to remove carbon dioxide from the atmosphere. And we‚Äôre going to have to do it‚Ä¶ https://t.co/ooAcW9CM7f,Sat Apr 28 16:30:07 +0000 2018,@nytimes,19
419,-0.296,0.155,0.845,0.0,"The week's most notable new songs and videos, chosen by @nytimesmusic critics https://t.co/R4vFkPHCjf",Sat Apr 28 16:15:04 +0000 2018,@nytimes,20
420,0.0,0.0,1.0,0.0,"Senator Jon Tester helped thwart the cabinet nomination of Dr. Ronny Jackson. 

President Donald Trump made it clea‚Ä¶ https://t.co/xk6FJyNynM",Sat Apr 28 15:59:04 +0000 2018,@nytimes,21
421,-0.5423,0.179,0.821,0.0,"The official story of Ricky Boyd‚Äôs fatal encounter with law enforcement officers changed, then changed again https://t.co/WOkdcO1jeI",Sat Apr 28 15:45:07 +0000 2018,@nytimes,22
422,0.5267,0.123,0.599,0.278,‚ÄúI realized I had the strength to look in the face of somebody who would commit a crime like this.‚Äù ‚Äî Lise-Lotte Lu‚Ä¶ https://t.co/Uf395wsfpk,Sat Apr 28 15:31:06 +0000 2018,@nytimes,23
423,0.0,0.0,1.0,0.0,Bob Dylan is getting into the whiskey business with a brand called Heaven's Door ‚Äî yet another career twist in 5 de‚Ä¶ https://t.co/yFbALkL2pf,Sat Apr 28 15:17:05 +0000 2018,@nytimes,24
424,-0.4404,0.132,0.868,0.0,"The $375,000 salary for the new CDC director has come under criticism from Senate Democrats and watchdog groups. He‚Ä¶ https://t.co/d57yWPFnUU",Sat Apr 28 14:59:05 +0000 2018,@nytimes,25
425,0.0,0.0,1.0,0.0,Koreans set the table for a deal. Will President Trump be able to close it? https://t.co/CvOfIJmjTy,Sat Apr 28 14:45:08 +0000 2018,@nytimes,26
426,0.0,0.0,1.0,0.0,Speaker Paul Ryan‚Äôs decision to dismiss the House chaplain has caused a firestorm on Capitol Hill https://t.co/5ODA2FXsc0,Sat Apr 28 14:30:06 +0000 2018,@nytimes,27
427,-0.4019,0.191,0.651,0.158,"A relentless tide of people are fleeing the deepening economic crisis in Venezuela, testing Brazil's tolerance for‚Ä¶ https://t.co/ZiQzFqwUmu",Sat Apr 28 14:17:03 +0000 2018,@nytimes,28
428,0.6249,0.0,0.661,0.339,"11 great titles expiring from Netflix in May
https://t.co/f7Bn552i3J",Sat Apr 28 14:02:05 +0000 2018,@nytimes,29
429,-0.8074,0.43,0.57,0.0,Trump Calls on Montana Democrat to Resign in Fight Over Failed V.A. Nomination https://t.co/5N3UGByvxn,Sat Apr 28 13:56:45 +0000 2018,@nytimes,30
430,-0.7184,0.25,0.75,0.0,"In the Hart household, any act of insubordination could be severely punished. The children knew this all too well,‚Ä¶ https://t.co/JLnQ5pGQum",Sat Apr 28 13:41:04 +0000 2018,@nytimes,31
431,-0.5423,0.178,0.747,0.075,Should genealogy databases be used to solve crimes? The Golden State Killer case has set off a debate over privacy‚Ä¶ https://t.co/5Yw2PfGAGQ,Sat Apr 28 13:21:06 +0000 2018,@nytimes,32
432,0.5574,0.0,0.714,0.286,"Korean Accord Draws Praise, and Caution, From North‚Äôs Neighbors https://t.co/TajSG38uGN",Sat Apr 28 13:20:08 +0000 2018,@nytimes,33
433,0.0,0.0,1.0,0.0,Why One Woman Testified Against Bill Cosby: ‚ÄòI Had the Strength‚Äô https://t.co/xCzWD9aI4P,Sat Apr 28 13:14:51 +0000 2018,@nytimes,34
434,0.0,0.0,1.0,0.0,"Six months ago, a parks official came across 2 boxes that had been sitting around for decades. Inside were 2,924 sl‚Ä¶ https://t.co/9R2JZ4Mt1U",Sat Apr 28 13:02:02 +0000 2018,@nytimes,35
435,0.1027,0.208,0.519,0.274,The Ethicist: I'm a 73-year-old cancer survivor. Is it ethical to get a kidney transplant? https://t.co/cBGck0mmFs,Sat Apr 28 12:41:03 +0000 2018,@nytimes,36
436,0.7579,0.0,0.649,0.351,"The Week in Good News: The Waffle House Hero, a Dachshund Museum, a Royal Baby https://t.co/Zlqb4Pp0sO",Sat Apr 28 12:35:36 +0000 2018,@nytimes,37
437,0.8271,0.0,0.722,0.278,"The math of frequent-flier miles may not always add up, but perks like free checked bags have people flocking to tr‚Ä¶ https://t.co/LnEc2DZjHw",Sat Apr 28 12:21:05 +0000 2018,@nytimes,38
438,0.0,0.0,1.0,0.0,This simple side dish takes only 15 minutes to make https://t.co/4vNZl5jz67,Sat Apr 28 12:02:05 +0000 2018,@nytimes,39
439,0.0,0.0,1.0,0.0,"Mark your calendars, New Jersey: November 17 will be Danny DeVito Day. https://t.co/m5aWcxfdl8",Sat Apr 28 11:41:02 +0000 2018,@nytimes,40
440,0.4939,0.0,0.868,0.132,"RT @NYTStyles: Ludwig Bemelmans said that Madeline was inspired by his mother, wife and daughter. ‚ÄúBut,‚Äù his grandson wrote after his death‚Ä¶",Sat Apr 28 11:21:03 +0000 2018,@nytimes,41
441,-0.3818,0.12,0.88,0.0,"She desperately wanted to move in to a retirement community.
He told her he'd ""sit in the burned-out, firebombed ru‚Ä¶ https://t.co/BEyKYYzdq1",Sat Apr 28 11:02:02 +0000 2018,@nytimes,42
442,0.4939,0.0,0.856,0.144,"RT @nytopinion: Job title: Mother. You will enjoy a bunch of superficial attention and lip service from culture, advertisers and politician‚Ä¶",Sat Apr 28 10:32:05 +0000 2018,@nytimes,43
443,0.0,0.0,1.0,0.0,The Landmarks That Made New York a Cultural Capital https://t.co/8mehOC3uiy,Sat Apr 28 10:20:34 +0000 2018,@nytimes,44
444,-0.3612,0.217,0.783,0.0,"A Word With: For Charlize Theron, Motherhood Is Messy Business https://t.co/jwqiU4F99f",Sat Apr 28 10:17:37 +0000 2018,@nytimes,45
445,-0.8126,0.425,0.575,0.0,"To catch a killer: a fake profile on a DNA site and a pristine sample
https://t.co/xHTGc0znUq",Sat Apr 28 10:02:06 +0000 2018,@nytimes,46
446,0.0772,0.0,0.86,0.14,Irish Voters Speak Out on Landmark Abortion Referendum https://t.co/ABK4sJpEqe,Sat Apr 28 09:52:54 +0000 2018,@nytimes,47
447,0.6369,0.0,0.724,0.276,Kenya Bans Film About 2 Girls in Love Because It‚Äôs ‚ÄòToo Hopeful‚Äô https://t.co/V4AVLDpZH1,Sat Apr 28 09:50:25 +0000 2018,@nytimes,48
448,0.4215,0.0,0.872,0.128,"RT @nytimesworld: The anti-vaccine movement in the United States has spread to pets, prompting the British Veterinary Association to issue‚Ä¶",Sat Apr 28 09:38:05 +0000 2018,@nytimes,49
449,0.0,0.0,1.0,0.0,"RT @alanfeuer: You may have read bits &amp; pieces about the corruption probe that ensnared two Hasidic businessmen, the police, a hedge fund m‚Ä¶",Sat Apr 28 09:21:06 +0000 2018,@nytimes,50
450,0.0,0.0,1.0,0.0,What President Trump can expect from his trip to Britain https://t.co/VQEsabjcfg,Sat Apr 28 09:03:01 +0000 2018,@nytimes,51
451,0.0,0.0,1.0,0.0,The Year I Learned to Quit https://t.co/Ba8msQMkCM,Sat Apr 28 08:55:22 +0000 2018,@nytimes,52
452,-0.6597,0.329,0.671,0.0,"Alfie Evans, Terminally Ill British Toddler at Center of Court Fight, Dies https://t.co/OptTwlvsLs",Sat Apr 28 08:52:35 +0000 2018,@nytimes,53
453,0.0516,0.0,0.952,0.048,"RT @nytimesworld: Russia's ice roads are made in the fall by plowing insulating snow off the soil, allowing the cold air to freeze the bogg‚Ä¶",Sat Apr 28 08:34:04 +0000 2018,@nytimes,54
454,-0.3182,0.187,0.707,0.106,"RT @nytopinion: It‚Äôs possible now to envision a path away from war, and for that even us skeptics should be grateful, says @NickKristof htt‚Ä¶",Sat Apr 28 08:10:54 +0000 2018,@nytimes,55
455,0.7003,0.0,0.766,0.234,"RT @nytopinion: Inspired by a stunning look at polar bears, we are highlighting some of the wonders of nature this weekend https://t.co/gYN‚Ä¶",Sat Apr 28 07:54:02 +0000 2018,@nytimes,56
456,0.0,0.0,1.0,0.0,"RT @nytopinion: Watching Macron, @NYTimesCohen thinks: The world owes one to France, big time https://t.co/71TLbPnV73",Sat Apr 28 07:37:04 +0000 2018,@nytimes,57
457,-0.5106,0.155,0.845,0.0,This might explain why you think people are angry with you all the time ‚Äì even when they're not https://t.co/I6ocQN8Nm3,Sat Apr 28 07:21:44 +0000 2018,@nytimes,58
458,0.7783,0.0,0.595,0.405,"There's a great way to get to know Paris: Walking, yes indeed https://t.co/J7rBe4NnHI",Sat Apr 28 07:05:35 +0000 2018,@nytimes,59
459,0.0,0.0,1.0,0.0,President Trump Is Coming to Britain. Here‚Äôs What He Can Expect. https://t.co/xjz06RXgeF,Sat Apr 28 06:47:13 +0000 2018,@nytimes,60
460,0.0,0.0,1.0,0.0,"RT @nytimesarts: ""Every time I encounter lovers,"" the French photographer Willy Ronis said, ""my camera smiles."" https://t.co/eNQrDL0yle",Sat Apr 28 06:33:02 +0000 2018,@nytimes,61
461,0.6705,0.0,0.8,0.2,"Abba: ‚ÄúWe all felt that, after some 35 years, it could be fun to join forces again and go into the recording studio"" https://t.co/OCUmb9DQuf",Sat Apr 28 06:06:01 +0000 2018,@nytimes,62
462,0.5574,0.0,0.82,0.18,"""The 'Mona Lisa' has, to all meaningful intents and purposes, ceased to exist as an original work of art. It has be‚Ä¶ https://t.co/wf72DEdIVh",Sat Apr 28 05:49:14 +0000 2018,@nytimes,63
463,0.0,0.0,1.0,0.0,"RT @DanBilefsky: During an 8-hour interview with all the drama of one of his films, the prolific Canadian film director @XDolan told me abo‚Ä¶",Sat Apr 28 05:32:02 +0000 2018,@nytimes,64
464,-0.7184,0.273,0.727,0.0,"Archaeologists in Sweden found victims of a 5th-century massacre where attackers used swords, axes and clubs to but‚Ä¶ https://t.co/nII6B4wgTp",Sat Apr 28 05:15:51 +0000 2018,@nytimes,65
465,0.1779,0.0,0.909,0.091,"Amazon said it was raising the price of its Prime membership service 20%, to $119 from $99 https://t.co/yYcCvLOoA0",Sat Apr 28 04:58:56 +0000 2018,@nytimes,66
466,-0.8402,0.296,0.704,0.0,"RT @nytpolitics: The parents of Otto Warmbier have sued North Korea, alleging that it kidnapped, tortured and murdered their son https://t.‚Ä¶",Sat Apr 28 04:42:03 +0000 2018,@nytimes,67
467,0.0,0.0,1.0,0.0,"This fungus can respond to wind and touch, grow toward light and detect and navigate around objects placed above it‚Ä¶ https://t.co/UvcVZWzYEV",Sat Apr 28 04:21:02 +0000 2018,@nytimes,68
468,0.8979,0.0,0.623,0.377,"A film about 2 girls in love, the first Kenyan film ever nominated for an award at Cannes Film Festival, is banned‚Ä¶ https://t.co/hw7HeR7ntH",Sat Apr 28 04:02:03 +0000 2018,@nytimes,69
469,-0.8689,0.353,0.647,0.0,"RT @nytimesbusiness: Describing himself as ""angry, hurt and unmoored,"" Tom Brokaw denied an allegation that he harassed a former NBC News c‚Ä¶",Sat Apr 28 03:47:03 +0000 2018,@nytimes,70
470,0.4215,0.0,0.763,0.237,"""Have you met James? James saved a lot of lives."" https://t.co/llXGAsenX6",Sat Apr 28 03:32:01 +0000 2018,@nytimes,71
471,0.6697,0.0,0.82,0.18,RT @jakesNYT: Is Mr. Kim is really ready to make a deal? Or is he is betting - as most experts think - he can get help to normalize DPRK‚Äôs‚Ä¶,Sat Apr 28 03:17:03 +0000 2018,@nytimes,72
472,-0.4215,0.257,0.743,0.0,"Stormy Daniels lawsuit delayed as judge cites ""likely"" indictment of Michael Cohen https://t.co/vJShJ6Tf2Y",Sat Apr 28 03:02:05 +0000 2018,@nytimes,73
473,0.6705,0.0,0.8,0.2,"Abba: ‚ÄúWe all felt that, after some 35 years, it could be fun to join forces again and go into the recording studio"" https://t.co/GMZD2K8oQ6",Sat Apr 28 02:47:06 +0000 2018,@nytimes,74
474,0.0,0.0,1.0,0.0,"""I am a lawyer, and I am an informant,"" said Natalia Veselnitskaya, the Russian lawyer who met with Trump campaign‚Ä¶ https://t.co/3gLNX4jjcw",Sat Apr 28 02:32:07 +0000 2018,@nytimes,75
475,-0.7783,0.264,0.736,0.0,"RT @NYTNational: Brittany Oswell suffered a pulmonary embolism on an American Airlines flight from Hawaii. She later died, and her family h‚Ä¶",Sat Apr 28 02:17:02 +0000 2018,@nytimes,76
476,0.0,0.0,1.0,0.0,Speaker Paul Ryan‚Äôs decision to dismiss the House chaplain has caused a firestorm on Capitol Hill https://t.co/XNEZDvfWed,Sat Apr 28 02:02:03 +0000 2018,@nytimes,77
477,0.0,0.0,1.0,0.0,"5 takeaways from the House report on Russian election meddling
https://t.co/z5TKigmkAS",Sat Apr 28 01:47:05 +0000 2018,@nytimes,78
478,-0.5423,0.178,0.747,0.075,Should genealogy databases be used to solve crimes? The Golden State Killer case has set off a debate over privacy‚Ä¶ https://t.co/nGQFL8EJBs,Sat Apr 28 01:32:07 +0000 2018,@nytimes,79
479,-0.8074,0.356,0.644,0.0,"RT @bankonjustin: For decades, the chilling Golden State Killer attacks hung over California communities. 

@MitchKSmith and I took a look‚Ä¶",Sat Apr 28 01:17:04 +0000 2018,@nytimes,80
480,0.0,0.0,1.0,0.0,Evening Briefing: Here's what you need to know at the end of the day https://t.co/ztidViKti8,Sat Apr 28 01:02:07 +0000 2018,@nytimes,81
481,0.5574,0.0,0.82,0.18,"""The 'Mona Lisa' has, to all meaningful intents and purposes, ceased to exist as an original work of art. It has be‚Ä¶ https://t.co/q59O4gyp57",Sat Apr 28 00:47:05 +0000 2018,@nytimes,82
482,0.2732,0.087,0.731,0.183,A federal judge dismissed a lawsuit filed by Paul Manafort that tried to narrow the authority of the special counsel https://t.co/JKoCFjD1wl,Sat Apr 28 00:32:04 +0000 2018,@nytimes,83
483,0.25,0.0,0.929,0.071,RT @nytopinion: It‚Äôs even less likely that North Korea will give up its arsenal now that it sees Trump poised to tear up the Iran nuclear d‚Ä¶,Sat Apr 28 00:17:03 +0000 2018,@nytimes,84
484,0.3818,0.0,0.894,0.106,‚ÄúIt‚Äôs clear that we‚Äôre going to have to remove carbon dioxide from the atmosphere. And we‚Äôre going to have to do it‚Ä¶ https://t.co/EaSgEUkIWb,Sat Apr 28 00:02:01 +0000 2018,@nytimes,85
485,0.0,0.0,1.0,0.0,Follow our live updates from the second night of the NFL draft https://t.co/BXyQCQfQxw,Fri Apr 27 23:47:04 +0000 2018,@nytimes,86
486,-0.8126,0.451,0.549,0.0,The Golden State Killer investigation relied on a fake DNA profile https://t.co/tloTpJS34Y,Fri Apr 27 23:32:04 +0000 2018,@nytimes,87
487,0.0,0.0,1.0,0.0,"RT @PamelaPaulNYT: Whiz! Bam! Boom! The New York Times Book Review debuts Graphic Content, our new column on graphic novels and comics: htt‚Ä¶",Fri Apr 27 23:17:04 +0000 2018,@nytimes,88
488,-0.3182,0.138,0.788,0.074,An EPA proposal to dramatically weaken car-emission standards could set up a legal clash with California. Here are‚Ä¶ https://t.co/btSxayZncO,Fri Apr 27 23:02:04 +0000 2018,@nytimes,89
489,0.0,0.0,1.0,0.0,Evening Briefing: Here's what you need to know at the end of the day https://t.co/hLZPorp8G9,Fri Apr 27 22:47:03 +0000 2018,@nytimes,90
490,-0.4404,0.132,0.868,0.0,"The $375,000 salary for the new CDC director has come under criticism from Senate Democrats and watchdog groups. He‚Ä¶ https://t.co/qFY0OAr623",Fri Apr 27 22:32:06 +0000 2018,@nytimes,91
491,-0.4215,0.229,0.638,0.133,What it felt like to follow the news of the Golden State Killer https://t.co/6yJRuq5r3Q,Fri Apr 27 22:17:06 +0000 2018,@nytimes,92
492,-0.3612,0.143,0.857,0.0,"""How do I cleave Bill Cosby from the man he seduced me into becoming?"" @wesley_morris asks https://t.co/5IODvhVrOB",Fri Apr 27 22:05:04 +0000 2018,@nytimes,93
493,0.0772,0.0,0.936,0.064,RT @NYTMetro: A viral video of a foul-mouthed ex-Port Authority commissioner has had a unifying effect: Her former peers at the agency have‚Ä¶,Fri Apr 27 21:40:07 +0000 2018,@nytimes,94
494,0.6767,0.0,0.74,0.26,Where is the royal wedding? Who is Harry's best man? Your questions answered: https://t.co/76VWjXjChw,Fri Apr 27 21:25:04 +0000 2018,@nytimes,95
495,0.0,0.0,1.0,0.0,"Mississippi, the home to Faulkner, Welty, Ford and Ward, will soon be marking a literary trail for tourists https://t.co/IgCK0GFjfZ",Fri Apr 27 21:10:03 +0000 2018,@nytimes,96
496,0.0,0.0,1.0,0.0,An official came across boxes that had been sitting around for decades. Inside were thousands of photos made in par‚Ä¶ https://t.co/w3lADI0Gmi,Fri Apr 27 20:55:09 +0000 2018,@nytimes,97
497,-0.7184,0.25,0.75,0.0,"In the Hart household, any act of insubordination could be severely punished. The children knew this all too well,‚Ä¶ https://t.co/ya8Dy8G2aO",Fri Apr 27 20:40:06 +0000 2018,@nytimes,98
498,0.4588,0.083,0.758,0.159,"RT @TheSteinLine: Going inside New Orleans' love affair with @RajonRondo ... and his insistence that ""I'm Rondo"" and ""there's no such thing‚Ä¶",Fri Apr 27 20:25:01 +0000 2018,@nytimes,99
499,0.0,0.0,1.0,0.0,The New York Times had a spotty record of covering the AIDS epidemic in the early 1980s ‚Äî and gay culture in general https://t.co/pSkTmJ85NI,Fri Apr 27 20:10:03 +0000 2018,@nytimes,100
